일자,시가,고가,저가,종가,전일대비,등락률,거래량,개인,외국인,기관
2026/09/07,101695,102650,100800,102455,5470,+5.64,410166,0,0,0
2026/09/04,96100,98020,95625,96985,1925,+2.03,396753,-1118,+2398,-195
2026/09/03,96020,97910,93420,95060,100,+0.11,345164,-2124,+1069,+1180
2026/09/02,95410,96550,94910,94960,4025,-4.07,328157,-2104,-3610,+5358
2026/09/01,97625,99360,97340,98985,1535,+1.58,314293,-573,+3782,-3264
2026/08/31,94645,97450,93855,97450,40,+0.04,548469,-2475,+1484,-62
2026/08/28,99000,99965,97410,97410,3900,-3.85,447854,+1049,-699,-462
2026/08/27,102900,103165,100235,101310,2410,+2.44,509568,-1590,-733,+3201
2026/08/26,98440,100215,97650,98900,280,-0.28,551625,-1784,+626,+332
2026/08/25,95355,99210,94050,99180,940,+0.96,692515,-2554,+425,+2245
2026/08/24,102935,102935,98050,98240,5360,-5.17,355503,+1670,-1623,+1355
2026/08/21,101155,104245,101000,103600,1635,+1.60,723613,+925,+219,-523
2026/08/20,99605,102510,97400,101965,5525,+5.73,996051,-2498,+526,+1906
2026/08/19,97665,99555,96000,96440,7765,-7.45,541394,-208,+633,-483
2026/08/18,108000,110125,103182,104205,1240,+1.20,748992,-6275,-485,+7182
2026/08/14,104370,104500,101650,102965,2465,+2.45,570628,+2207,-616,-2951
2026/08/13,99950,101855,99780,100500,4720,+4.93,706884,+930,+116,-753
2026/08/12,93710,97015,92715,95780,3400,+3.68,506681,-3565,+136,+4180
2026/08/11,90795,93360,89955,92380,135,+0.15,642643,-1253,-318,+348
2026/08/10,92825,94115,91250,92245,60,-0.07,735861,-4800,+1286,+3529
2026/08/07,94240,95890,91300,92305,190,-0.21,911994,-435,+64,+414
2026/08/06,95900,96740,92085,92495,7375,-7.38,1091325,-764,-1727,+2436
2026/08/05,100565,100780,97850,99870,5260,+5.56,1109782,-1043,+473,+556
2026/08/04,95360,95360,89610,94610,575,+0.61,1244137,-2704,+608,+2109
2026/08/03,98015,98050,93650,94035,9735,-9.38,760023,+4352,+274,-4745
2026/07/31,100130,104440,97510,103770,22745,+28.07,1417175,+6927,+90,-7048
2026/07/30,82370,86815,79875,81025,4525,-5.29,3899162,-3763,+112,+3609
2026/07/29,91805,94835,79025,85550,7095,-7.66,1896468,-14587,-377,+15099
2026/07/28,98000,98450,92240,92645,13975,-13.11,757874,-7173,-1262,+8427
2026/07/27,105905,106885,102650,106620,720,+0.68,1104017,-1739,+2152,-417
2026/07/24,110080,111050,104940,105900,4090,-3.72,991320,-2282,-749,+3025
2026/07/23,111365,111995,107550,109990,2985,+2.79,585605,+5301,-104,-5171
2026/07/22,113410,113675,107000,107005,1085,+1.02,695904,+4626,-3297,-2081
2026/07/21,101040,106140,99770,105920,6040,+6.05,872612,-7295,+148,+10791
2026/07/20,99305,104735,99000,99880,7015,-6.56,909079,+233,+306,-1446
2026/07/16,108315,109120,105270,106895,11310,-9.57,538190,-1034,+67,-104
2026/07/15,117885,120145,116360,118205,6975,+6.27,1042896,-1133,+699,+236
2026/07/14,107510,111925,103520,111230,2630,+2.42,1802021,-3647,+2135,+1524
2026/07/13,118450,119815,108500,108600,10265,-8.64,1644215,-20442,-1681,+18826
2026/07/10,122945,123195,118865,118865,995,+0.84,1702432,+4520,-115,-4317
2026/07/09,117590,120160,113205,117870,6775,+6.10,2218038,-6361,+158,+11427
2026/07/08,113690,120860,111095,111095,7370,-6.22,2167528,-9960,-3080,+13579
2026/07/07,121895,123950,114995,118465,9085,-7.12,1701847,-9492,+2063,+8422
2026/07/06,129705,132395,124025,127550,850,-0.66,1422803,+1709,-11613,+6660
2026/07/03,122300,128920,118000,128400,2125,+1.68,2135665,+18151,+6756,-23659
2026/07/02,129565,133740,124780,126275,15300,-10.81,1732130,+10052,+4759,-8829
2026/07/01,145770,147285,139655,141575,3180,-2.20,1042092,-12829,+1446,+2
2026/06/30,141500,147380,139450,144755,3555,+2.52,1139875,+1490,+1340,-2954
2026/06/29,141795,142160,136545,141200,3110,-2.16,1651512,+17991,+902,-19146
2026/06/26,149410,150865,140540,144310,7315,-4.82,2296033,+26948,-4322,-22895
2026/06/25,148530,153355,146155,151625,14130,+10.28,2447228,+56604,+4779,-62567
2026/06/24,133935,140280,131550,137495,1175,+0.86,1767803,+21371,-2065,-19675
2026/06/23,149940,151070,135500,136320,11680,-7.89,2182096,-9111,+1436,+7265
2026/06/22,141190,148055,140595,148000,4910,+3.43,2594108,+29610,+307,-30731
2026/06/19,146285,147940,140620,143090,2540,+1.81,2290462,+21536,-4568,-20667
2026/06/18,136565,140780,136565,140550,5465,+4.05,1495624,+18788,+4299,-23231
2026/06/17,129425,135100,129200,135085,1420,+1.06,1243906,+18141,+97,-18527
2026/06/16,133455,134445,130100,133665,4045,+3.12,1320313,+6252,-337,-5543
2026/06/15,128880,130575,128860,129620,6970,+5.68,1587490,+14331,-10,-14929
2026/06/12,125870,128235,122400,122650,7150,+6.19,1648987,-94,-162,+497
2026/06/11,109930,117155,109725,115500,1390,+1.22,2312960,+5093,+152,-5429
2026/06/10,115880,118255,112000,114110,7365,-6.06,1079804,+1135,+223,-2658
2026/06/09,117400,121770,114150,121475,12035,+11.00,1681989,+7991,-531,-7168
2026/06/08,107970,115995,106560,109440,10360,-8.65,2236289,-869,-148,+4087
2026/06/05,121405,124120,119060,119800,9375,-7.26,2023362,+9175,+405,-10877
2026/06/04,127005,131035,127000,129175,1500,+1.17,1673103,+43143,-5,-43467
2026/06/02,128320,131780,123770,127675,2305,+1.84,3073504,+76436,-365,-76465
2026/06/01,119285,127995,119285,125370,6095,+5.11,2049488,+64963,+71,-65520
2026/05/29,117200,121900,116770,119275,3895,+3.38,974099,+20244,-189,-19071
2026/05/28,114900,118000,111190,115380,865,-0.74,1166540,+12329,+265,-12892
2026/05/27,118500,122000,116200,116245,9355,+8.75,1510034,+33205,-528,-33295
2026/05/26,106095,108000,106095,106890,2875,+2.76,645390,+2073,+444,-2535
2026/05/22,103450,105000,103100,104015,820,+0.79,489636,+113,+7,-80
2026/05/21,98960,103625,98600,103195,7585,+7.93,903553,+8283,-351,-7769
2026/05/20,95365,96470,93700,95610,1515,+1.61,1179983,+1508,-33,-2573
2026/05/19,98170,98180,92580,94095,4365,-4.43,710159,-605,-65,+719
2026/05/18,97500,100810,92560,98460,0,0.00,845400,-2364,-204,+2238
2026/05/15,104660,105200,96997,98460,6795,-6.46,1123220,+2303,+59,-2192
2026/05/14,104200,106315,103515,105255,1055,+1.01,825378,+10110,+482,-11104
2026/05/13,100250,104495,96000,104200,3475,+3.45,986389,+11621,-476,-11525
2026/05/12,103585,109575,98270,100725,1510,-1.48,1392403,+11878,+400,-15302
2026/05/11,98655,105000,98015,102235,10200,+11.08,1101635,+32235,-529,-31561
2026/05/08,89545,92077,89005,92035,195,-0.21,387002,+5435,+329,-5609
2026/05/07,93165,97000,89545,92230,1470,+1.62,604807,+8285,+144,-8590
2026/05/06,86900,91360,86900,90760,10830,+13.55,620014,+12293,-613,-11757
2026/05/04,76105,80380,75640,79930,5350,+7.17,324588,+197,-101,-87
2026/04/30,76900,76900,74440,74580,880,-1.17,235334,+145,-14,-254
2026/04/29,75000,75805,74105,75460,385,-0.51,234675,+173,+351,-514
2026/04/28,77000,77555,75945,75945,25,+0.03,183539,+1525,+5,-1584
2026/04/27,74475,76555,73845,75920,2760,+3.77,258132,+2048,-326,-1917
2026/04/24,73750,73985,72000,73160,535,-0.73,292915,+1039,+370,-1420
2026/04/23,73395,74780,71895,73695,1820,+2.53,652740,+862,-604,-208
2026/04/22,71590,72155,71190,71875,230,+0.32,252979,-2770,+13,+2726
2026/04/21,70385,71690,70385,71645,1445,+2.06,194711,-774,-26,+811
2026/04/20,69950,70715,68000,70200,355,+0.51,220331,-1659,+272,+1235
2026/04/17,70735,70735,69510,69845,1115,-1.57,212338,+2046,+45,-2067
2026/04/16,70000,70960,69610,70960,1075,+1.54,303449,-345,+5,+343
2026/04/15,70580,72620,69640,69885,1620,+2.37,618765,+3248,+367,-3615
2026/04/14,67000,68970,67000,68265,2440,+3.71,393673,+1409,-4,-1290
2026/04/13,64800,66127,64380,65825,140,-0.21,469017,-1480,-5,+1891
2026/04/10,65700,66855,65700,65965,1625,+2.53,394504,-1694,-3,+1410
2026/04/09,65025,65700,63935,64340,655,-1.01,281712,-1301,-53,+1410
2026/04/08,63500,66480,63500,64995,4630,+7.67,427703,-1513,-72,+2096
2026/04/07,61300,61500,59500,60365,820,+1.38,285757,+593,+64,-675
2026/04/06,58545,59965,58545,59545,1135,+1.94,273113,+931,-16,-930
2026/04/03,58475,58675,57735,58410,1845,+3.26,268074,+209,-345,+155
2026/04/02,61310,61310,56030,56565,1905,-3.26,531008,-2511,+294,+2221
2026/04/01,57000,58660,56500,58470,4855,+9.06,380834,-462,-324,+809
2026/03/31,54300,55250,52925,53615,3490,-6.11,371616,+579,-42,-656
2026/03/30,57060,57330,55300,57105,1670,-2.84,261037,-480,-3,+446
2026/03/27,56905,60895,56790,58775,1230,-2.05,487465,+1513,+38,-1836
2026/03/26,60805,61150,59900,60005,2625,-4.19,262468,-2012,+410,+1750
2026/03/25,63890,64220,62630,62630,225,+0.36,327406,-517,-380,+1226
2026/03/24,63210,63210,60895,62405,1185,+1.94,509910,-2255,+11,+2243
2026/03/23,62235,62350,60745,61220,4250,-6.49,424037,+1718,+336,-1305
2026/03/20,65800,65820,64877,65470,240,+0.37,327293,+1545,-362,-1497
2026/03/19,65200,67500,64415,65230,2385,-3.53,855261,+3233,+51,-3299
2026/03/18,65390,67700,64885,67615,4465,+7.07,875165,+3961,-2,-3654
2026/03/17,65010,65035,63090,63150,145,+0.23,679987,+1377,-8,-823
2026/03/16,60450,63260,60450,63005,3075,+5.13,579577,+2616,+44,-3201
2026/03/13,59220,60805,58900,59930,1090,-1.79,587806,+1034,-6,-1046
2026/03/12,61120,61700,60600,61020,400,-0.65,213323,+1090,-27,-861
2026/03/11,61540,62350,60675,61420,1720,+2.88,279051,+1734,+267,-2141
2026/03/10,58970,60480,58625,59700,4525,+8.20,397282,-1338,-343,+1681
2026/03/09,54995,55600,53535,55175,5400,-8.91,527974,-34,+69,+99
2026/03/06,59640,60730,58805,60575,225,-0.37,426178,-1041,-1730,+2795
2026/03/05,59865,62760,59805,60800,5950,+10.85,731121,-9874,-303,+10168
2026/03/04,57465,60210,54000,54850,5960,-9.80,729370,-902,+532,+419
2026/03/03,64425,64780,60800,60810,5165,-7.83,623062,-679,+1599,-986
2026/02/27,65500,67170,64610,65975,1525,-2.26,642959,+434,-113,-569
2026/02/26,65450,67500,64795,67500,3300,+5.14,530776,-2275,-42,+2299
2026/02/25,64115,64885,64030,64200,270,+0.42,477791,+4459,-840,-2959
2026/02/24,61985,64190,61985,63930,1945,+3.14,351009,+2317,+170,-2585
2026/02/23,62910,63210,61570,61985,195,+0.32,328292,+684,-590,+7
2026/02/20,61140,61900,60460,61790,650,+1.06,333765,+847,+237,-1188
2026/02/19,61855,61910,60755,61140,1680,+2.83,415035,+3289,+14,-3261
2026/02/13,58750,60295,58750,59460,710,+1.21,525338,+3057,+101,-3852
2026/02/12,58430,59150,58250,58750,2645,+4.71,432541,-989,-101,+1058
2026/02/11,56220,56520,55520,56105,515,-0.91,396926,-2067,-699,+2762
2026/02/10,57065,57470,56505,56620,450,-0.79,366980,-3484,-1088,+4478
2026/02/09,58595,58595,57010,57070,2395,+4.38,401673,-184,-200,+441
2026/02/06,52530,55050,52300,54675,305,-0.55,586157,+138,-2940,+3015
2026/02/05,54850,56145,54215,54980,3405,-5.83,618621,+4830,+521,-5590
2026/02/04,58480,58485,56935,58385,1300,-2.18,634821,+8770,-7,-8756
2026/02/03,58750,59685,57965,59685,4890,+8.92,484054,+5871,-186,-5758
2026/02/02,57500,57890,54395,54795,4645,-7.81,782634,+2608,-160,-2396
2026/01/30,58710,60400,58450,59440,665,+1.13,705048,+4084,-2638,-1433
2026/01/29,60070,60400,57340,58775,665,+1.14,706101,+4191,-145,-3780
2026/01/28,58000,58270,56405,58110,2550,+4.59,435377,+6010,-15,-6988
2026/01/27,53005,55590,52765,55560,2325,+4.37,353124,+338,-5,-474
2026/01/26,54010,54010,52965,53235,810,-1.50,352141,-587,+1,+714
2026/01/23,54380,54380,53300,54045,55,-0.10,305662,+964,+133,-832
2026/01/22,54395,55400,53975,54100,1940,+3.72,599009,+10294,0,-10769
2026/01/21,50400,52665,50130,52160,395,+0.76,393149,+4454,-6,-4503
2026/01/20,53845,53845,51240,51765,2085,-3.87,609584,+6424,-3,-6762
2026/01/19,51710,53875,51710,53850,2155,+4.17,542896,+7418,-125,-7376
2026/01/16,50690,51730,50660,51695,1760,+3.52,350655,+4992,+1,-5278
2026/01/15,49560,49935,48500,49935,175,+0.35,174651,+1884,+5,-1805
2026/01/14,49700,49945,48900,49760,10,+0.02,271514,+2573,+113,-2692
2026/01/13,50600,50600,49355,49750,220,+0.44,197140,+1567,-127,-1449
2026/01/12,49820,50855,49085,49530,1330,+2.76,337724,+503,-46,-420
2026/01/09,48230,48745,47440,48200,855,-1.74,290579,+2538,+23,-2506
2026/01/08,48900,50230,48615,49055,335,-0.68,367394,+3449,+113,-3645
2026/01/07,50280,50870,48885,49390,1630,+3.41,523304,+5355,+34,-5730
2026/01/06,47040,47810,45800,47760,695,+1.48,366664,+2738,-3,-3100
2026/01/05,46335,47350,46115,47065,3020,+6.86,362471,+5377,-1,-5862
2026/01/02,43500,44065,42500,44045,1125,+2.62,317563,+3053,-57,-3336
2025/12/30,42180,44290,42150,42920,740,+1.75,257545,+3256,+50,-3313
2025/12/29,42920,42925,41765,42180,585,+1.41,172079,+1392,-14,-1385
2025/12/26,40970,43020,40970,41595,1325,+3.29,293774,+2734,+10,-2745
2025/12/24,41640,41640,40270,40270,550,-1.35,58930,+209,0,-214
2025/12/23,40600,41740,40550,40820,435,+1.08,98850,+1128,0,-1118
2025/12/22,40290,41800,39745,40385,1745,+4.52,126315,+795,-32,-802
2025/12/19,38695,39545,38460,38640,400,+1.05,81272,-285,-65,+334
2025/12/18,36980,39500,36980,38240,110,+0.29,160208,+1580,+9,-1595
2025/12/17,37100,38130,37000,38130,1130,+3.05,54253,+304,-1,-335
2025/12/16,38110,38110,37000,37000,1150,-3.01,63696,+53,-2,-55
2025/12/15,37995,38410,37220,38150,1465,-3.70,101825,-86,-1,+86
2025/12/12,39390,39680,38940,39615,240,+0.61,55345,+209,+49,-259
2025/12/11,39925,40470,39365,39375,165,-0.42,81351,+430,+22,-469
2025/12/10,39105,39915,39105,39540,490,+1.25,70961,+1033,-1,-989
2025/12/09,38810,39320,38810,39050,240,+0.62,72889,+535,-75,-465
2025/12/08,38985,38985,37950,38810,1055,+2.79,103484,+760,-4,-785
2025/12/05,37440,37765,37050,37755,10,+0.03,58657,-231,+39,+232
2025/12/04,38130,38140,37290,37745,385,-1.01,54710,+430,-24,-405
2025/12/03,37800,38230,37630,38130,505,+1.34,48856,+548,-4,-543
2025/12/02,36800,37950,36800,37625,860,+2.34,60562,+420,+6,-425
2025/12/01,37280,39355,36415,36765,205,+0.56,90636,+225,+9,-235
2025/11/28,36900,36925,36010,36560,320,-0.87,119892,-1042,0,+1041
2025/11/27,36600,38900,36595,36880,850,+2.36,81429,+502,-4,-501
2025/11/26,35425,36030,35245,36030,605,+1.71,29300,-53,+2,+51
2025/11/25,36500,36505,35162,35425,830,+2.40,68983,-57,-1,+58
2025/11/24,34855,35000,34365,34595,655,+1.93,75709,+283,+5,-289
2025/11/21,33500,34765,33500,33940,3555,-9.48,192170,+468,-15,-455
2025/11/20,37885,38995,37150,37495,1510,+4.20,95355,+306,0,-306
2025/11/19,36740,36740,35405,35985,925,-2.51,57822,-66,+13,+213
2025/11/18,37985,37985,36700,36910,1135,-2.98,40515,+67,+19,-85
2025/11/17,38300,38505,37340,38045,1585,+4.35,81625,-175,-6,+180
2025/11/14,36010,37185,35560,36460,2475,-6.36,109776,+36,+17,-48
2025/11/13,38655,38965,38400,38935,280,+0.72,49868,+557,+3,-568
2025/11/12,38950,38950,38100,38655,490,-1.25,74737,+741,-5,-793
2025/11/11,40405,40405,38620,39145,975,+2.55,152882,+1625,+26,-1652
2025/11/10,37360,38305,37245,38170,810,+2.17,75589,+853,-2,-852
2025/11/07,35050,37670,35050,37360,235,-0.63,90663,-117,-1,+137
2025/11/06,39500,39500,37105,37595,1125,+3.08,94910,+920,0,-1010
2025/11/05,35560,36900,34925,36470,1060,-2.82,138641,-553,-1,+519
2025/11/04,38700,39620,37365,37530,755,-1.97,105706,+691,-33,-620
2025/11/03,37535,38305,36820,38285,1025,+2.75,118631,+999,-1,-999
2025/10/31,36860,37260,36705,37260,400,+1.09,99856,+1046,+31,-1449
2025/10/30,36300,37150,36300,36860,620,+1.71,67474,+397,-19,-420
2025/10/29,35445,36240,35420,36240,795,+2.24,63953,+382,+3,-385
2025/10/28,36610,36610,35045,35445,475,-1.32,70594,+253,-18,-271
2025/10/27,35550,35960,35440,35920,1565,+4.56,119292,+1704,+6,-1713
2025/10/24,33950,34355,33780,34355,1390,+4.22,40201,+111,+20,-137
2025/10/23,32880,33185,32400,32965,330,-0.99,23529,+71,-20,-51
2025/10/22,33120,33367,32330,33295,240,-0.72,44754,+1,+20,-21
2025/10/21,33520,34080,33400,33535,295,+0.89,70228,+587,-10,-577
2025/10/20,32860,33240,32630,33240,610,+1.87,50199,-22,+13,-90
2025/10/17,31760,33330,30490,32630,810,+2.55,102427,+908,-1,-941
2025/10/16,31015,31920,30950,31820,1010,+3.28,46909,-32,0,+36
2025/10/15,30525,31100,30220,30810,330,+1.08,36899,+200,0,-199
2025/10/14,30855,31890,30160,30480,30,-0.10,67659,+29,0,-34
2025/10/13,30800,30800,28550,30510,485,-1.56,58909,+8,0,-11
2025/10/10,38445,38445,30585,30995,1420,+4.80,152431,+1874,-2,-1874
2025/10/02,28495,29995,28375,29575,2145,+7.82,105531,+952,0,-953
2025/10/01,27030,27460,27020,27430,610,+2.27,20120,+174,0,-174
2025/09/30,27030,27030,26775,26820,155,+0.58,6558,+21,0,-20
2025/09/29,26010,26665,26010,26665,360,+1.37,16432,-4,0,+3
2025/09/26,25560,26550,25560,26305,655,-2.43,18550,-145,0,+144
2025/09/25,27175,27175,26690,26960,215,-0.79,31219,+89,0,-90
2025/09/24,27100,27175,26845,27175,90,+0.33,21256,+132,0,-132
2025/09/23,26510,27700,26510,27085,610,+2.30,20708,+113,0,-110
2025/09/22,27250,27250,26245,26475,115,-0.43,21183,+280,0,-281
2025/09/19,26900,26900,26050,26590,760,+2.94,22770,+220,0,-222
2025/09/18,25040,25995,25040,25830,790,+3.15,14177,+108,0,-109
2025/09/17,24855,25195,24855,25040,300,-1.18,12527,+91,0,-91
2025/09/16,24705,25405,24010,25340,640,+2.59,28332,+135,0,-136
2025/09/15,31205,31205,24500,24700,695,+2.90,48639,+291,0,-292
2025/09/12,23010,24095,23010,24005,1090,+4.76,12300,+31,-5,-29
2025/09/11,22575,23030,22575,22915,345,+1.53,22819,+26,+4,-31
2025/09/10,22000,23000,22000,22570,650,+2.97,3551,0,0,-1
2025/09/09,21900,21920,21540,21920,345,+1.60,4129,-62,0,+62
2025/09/08,21250,21650,21250,21575,425,+2.01,1279,-6,0,+6
2025/09/05,20605,21155,20605,21150,630,+3.07,13996,-45,0,+44
2025/09/04,20890,20890,20445,20520,145,+0.71,553,0,0,-1
2025/09/03,20800,20800,20345,20375,90,-0.44,153,-1,0,+2
2025/09/02,20680,20680,20340,20465,150,+0.74,1193,+8,0,-7
2025/09/01,20845,20845,20115,20315,530,-2.54,630,+3,0,-3
2025/08/29,21200,21200,20200,20845,115,+0.55,3182,-58,0,+58
2025/08/28,20525,20730,20460,20730,205,+1.00,3034,-13,0,+13
2025/08/27,20490,20570,20440,20525,35,+0.17,3220,-15,0,+15
2025/08/26,20500,20560,20440,20490,10,-0.05,617,+3,0,-4
2025/08/25,20250,21500,19755,20500,315,+1.56,1424,-16,0,+16
2025/08/22,20335,20335,20125,20185,150,-0.74,842,-2,0,+2
2025/08/21,20530,20530,20270,20335,195,-0.95,1041,+4,0,-4
2025/08/20,20750,20750,20450,20530,220,-1.06,1719,-10,0,+10
2025/08/19,20835,20945,20725,20750,10,+0.05,1529,-11,0,+11
2025/08/18,21470,21470,20735,20740,730,-3.40,3038,-8,0,+7
2025/08/14,20895,21475,20895,21470,140,-0.65,3770,+6,0,-6
2025/08/13,22000,22000,21180,21610,430,+2.03,3888,-33,0,+33
2025/08/12,20310,21275,20310,21180,320,+1.53,5481,+5,0,-5
2025/08/11,20220,20905,20220,20860,640,+3.17,3640,-8,0,+8
2025/08/08,20315,20570,20205,20220,230,+1.15,16198,-210,0,+211
2025/08/07,19875,20077,19785,19990,115,+0.58,11392,+202,0,-202
2025/08/06,20005,20400,19765,19875,125,-0.62,2545,+20,0,-19
2025/08/05,19775,20165,19775,20000,230,+1.16,1380,+14,0,-13
2025/08/04,19975,20080,19005,19770,205,-1.03,1898,+1,0,-1
2025/08/01,20950,20950,19650,19975,975,-4.65,3581,+11,0,-11
2025/07/31,20615,20950,20600,20950,340,+1.65,2933,-17,0,+17
2025/07/30,20475,20610,20415,20610,135,+0.66,4693,-55,0,+54
2025/07/29,20245,20520,20175,20475,230,+1.14,4408,-40,0,+38
2025/07/28,20400,20400,19985,20242,152,+0.76,8390,+29,0,-29
2025/07/25,19950,20185,19950,20090,140,+0.70,1872,-14,0,+14
2025/07/24,20395,20395,19950,19950,0,0.00,2921,+39,0,-39
2025/07/23,20300,20300,19730,19950,350,-1.72,3968,-23,0,+23
2025/07/22,20305,20650,20300,20300,270,-1.31,3496,+5,0,-5
2025/07/21,22100,22100,20515,20570,30,+0.15,2949,-5,0,+5
2025/07/18,20200,20755,20200,20540,215,-1.04,1938,0,0,0
2025/07/17,21500,21500,20615,20755,660,-3.08,5619,+42,0,-42
2025/07/16,21500,21500,21300,21415,110,+0.52,1691,-2,0,+2
2025/07/15,21065,21305,20910,21305,75,-0.35,8236,-52,0,+53
2025/07/14,21700,21700,21325,21380,320,-1.47,3325,+7,0,-7
2025/07/11,21200,21700,21200,21700,710,+3.38,18266,-67,0,+67
2025/07/10,20820,21025,20735,20990,170,+0.82,1974,-1,0,0
2025/07/09,20995,21200,20775,20820,185,+0.90,4555,-8,0,+7
2025/07/08,21000,21000,20345,20635,110,+0.54,5764,-60,0,+60
2025/07/07,21000,21000,20395,20525,10,+0.05,6925,+59,0,-60
2025/07/04,22000,22000,20510,20515,185,-0.89,6088,+15,-1,-15
2025/07/03,20900,20900,20000,20700,330,+1.62,9513,+8,0,-8
2025/07/02,20645,20645,20172,20370,270,-1.31,2736,-24,0,+24
2025/07/01,21200,21200,20605,20640,215,-1.03,9241,-80,0,+80
2025/06/30,20505,20900,20500,20855,120,+0.58,10500,+99,0,-99
2025/06/27,21020,21030,20675,20735,285,-1.36,6262,-26,0,+27
2025/06/26,21500,21505,20805,21020,45,+0.21,14387,-14,0,+14
2025/06/25,20515,20975,20515,20975,575,+2.82,11769,+44,0,-44
2025/06/24,19700,20455,19700,20400,885,+4.53,6096,+17,0,-17
2025/06/23,19205,19710,19205,19515,165,-0.84,9377,-51,0,+51
2025/06/20,19530,19700,19530,19680,150,+0.77,2775,+8,0,-8
2025/06/19,19590,19630,19265,19530,25,-0.13,6011,+2,0,-2
2025/06/18,19250,19615,19250,19555,95,+0.49,3186,+15,0,-15
2025/06/17,19600,19710,19227,19460,420,+2.21,9848,+20,0,-20
2025/06/16,18830,19045,18300,19040,210,+1.12,5110,-16,0,+16
2025/06/13,19590,19590,18740,18830,165,-0.87,7396,-38,0,+39
2025/06/12,19400,19610,18945,18995,175,-0.91,6625,-23,0,+23
2025/06/11,18990,19190,18990,19170,555,+2.98,6799,+48,0,-48
2025/06/10,18700,18880,18440,18615,210,+1.14,2851,-14,0,+14
2025/06/09,18020,18550,18020,18405,495,+2.76,2785,+8,0,-8
2025/06/05,17715,18100,17710,17910,195,+1.10,2503,+8,0,-7
2025/06/04,17890,17890,17335,17715,800,+4.73,2548,+7,0,-6
2025/06/02,17390,17390,16805,16915,140,-0.82,357,+2,0,-2
2025/05/30,17410,17410,17055,17055,335,-1.93,1028,0,0,0
2025/05/29,17380,17395,17265,17390,270,+1.58,1652,-14,0,+14
2025/05/28,17000,17195,17000,17120,440,+2.64,1393,-1,0,+1
2025/05/27,16590,16680,16590,16680,90,+0.54,686,-4,0,+4
2025/05/26,16340,16670,16340,16590,50,-0.30,1376,+6,0,-6
2025/05/23,16645,16775,16640,16640,5,-0.03,1692,-8,0,+9
2025/05/22,16505,16790,16505,16645,390,-2.29,4102,-11,0,+11
2025/05/21,17180,17185,16960,17035,145,-0.84,2539,-11,0,+10
2025/05/20,17330,17330,17180,17180,180,+1.06,1168,+2,0,-2
2025/05/19,17110,17110,16500,17000,110,-0.64,1453,-13,0,+13
2025/05/16,17500,17500,17000,17110,55,-0.32,1526,+2,0,-2
2025/05/15,17600,17600,17165,17165,435,-2.47,2130,+6,0,-6
2025/05/14,17675,17675,16805,17600,585,+3.44,3741,-11,0,+11
2025/05/13,17000,17135,16915,17015,585,+3.56,4205,-32,0,+32
2025/05/12,16180,16505,16180,16430,495,+3.11,1582,-3,0,+3
2025/05/09,15990,16030,15900,15935,60,+0.38,1566,+7,0,-7
2025/05/08,15800,16720,15800,15875,195,+1.24,8248,+14,0,-14
2025/05/07,15350,15695,15350,15680,330,+2.15,323,-1,0,+1
2025/05/02,15400,15530,15345,15350,40,+0.26,3418,+15,0,-14
2025/04/30,15400,15400,15280,15310,355,-2.27,1642,-7,0,+7
2025/04/29,15680,15710,15580,15665,70,+0.45,1490,-15,0,+15
2025/04/28,15870,15890,15785,15795,70,-0.44,1710,-2,0,+1
2025/04/25,16000,16000,15355,15865,515,+3.36,539,+1,0,-1
2025/04/24,15355,15430,15300,15350,80,+0.52,1049,+11,0,-11
2025/04/23,14695,15600,14695,15270,605,+4.13,1490,+8,0,-7
2025/04/22,14795,14795,14665,14665,175,-1.18,750,-2,-1,+2
2025/04/21,15295,15295,14750,14840,130,-0.87,408,+1,0,-1
2025/04/18,14885,14970,14730,14970,5,-0.03,596,+1,0,-1
2025/04/17,14915,14975,14810,14975,50,+0.34,1274,+1,0,-2
2025/04/16,16000,16000,14925,14925,510,-3.30,3217,+3,0,-2
2025/04/15,15350,15435,15350,15435,10,+0.06,752,-4,0,+5
2025/04/14,15280,15507,15130,15422,142,+0.93,1423,+3,0,-3
2025/04/11,15795,15795,15150,15280,555,-3.50,589,+5,0,-5
2025/04/10,17000,17000,15507,15835,1545,+10.81,3063,-7,0,+7
2025/04/09,15870,15870,14180,14290,375,-2.56,3380,-2,0,+2
2025/04/08,14010,14905,14010,14665,695,+4.97,1475,+4,0,-4
2025/04/07,13625,14185,13540,13970,1465,-9.49,4606,+25,0,-24
2025/04/04,16325,16325,15285,15435,1010,-6.14,5372,-23,0,+23
2025/04/03,16950,16950,16330,16445,505,-2.98,3415,0,0,0
2025/04/02,17000,17000,16920,16950,220,+1.32,615,+2,0,-3
2025/04/01,16660,16830,16600,16730,70,+0.42,1240,+9,0,-9
2025/03/31,17295,17295,16575,16660,655,-3.78,1497,+7,0,-7
2025/03/28,17000,17405,17000,17315,345,-1.95,212,+2,0,-2
2025/03/27,18000,18000,17560,17660,340,-1.89,1280,+1,0,-1
2025/03/26,19120,19120,17810,18000,45,+0.25,4120,-59,0,+59
2025/03/25,18400,18400,17850,17955,120,-0.66,1158,-13,0,+13
2025/03/24,18480,18480,18010,18075,290,-1.58,4417,-44,0,+45
2025/03/21,18380,18605,18285,18365,100,+0.55,12181,+44,0,-45
2025/03/20,18395,18395,18010,18265,335,+1.87,2485,+18,0,-18
2025/03/19,17900,18000,17800,17930,130,+0.73,1548,+5,0,-4
2025/03/18,17460,17995,17460,17800,155,+0.88,3805,+17,0,-18
2025/03/17,17495,17665,17245,17645,405,+2.35,2866,+32,0,-33
2025/03/14,17105,17270,17105,17240,475,+2.83,2474,+1,0,-2
2025/03/13,17400,17400,16760,16765,140,+0.84,1418,-2,0,+2
2025/03/12,16275,17200,16275,16625,350,+2.15,379,+2,0,-2
2025/03/11,16535,16535,15835,16275,415,-2.49,3394,-3,0,+3
2025/03/10,16535,16760,16535,16690,155,+0.94,414,0,0,0
2025/03/07,16745,16745,15870,16535,230,-1.37,1616,-11,0,+11
2025/03/06,16745,16930,16745,16765,25,+0.15,463,-1,0,+1
2025/03/05,16490,17390,16055,16740,250,+1.52,1023,-4,0,+3
2025/03/04,16500,16500,16445,16490,170,-1.02,1072,-13,0,+12
2025/02/28,17430,17430,16650,16660,775,-4.45,3600,+2,0,-3
2025/02/27,17700,17700,17265,17435,185,+1.07,1967,-1,0,+2
2025/02/26,17330,17330,17105,17250,80,-0.46,802,-2,0,+1
2025/02/25,17645,17645,17300,17330,350,-1.98,1912,-16,0,+16
2025/02/24,18080,18080,17555,17680,410,-2.27,2478,-5,0,+5
2025/02/21,18400,18400,17940,18090,115,-0.63,4034,+11,0,-11
2025/02/20,18700,18700,17615,18205,265,-1.43,5521,-51,0,+51
2025/02/19,17890,18535,17890,18470,580,+3.24,4976,-13,0,+13
2025/02/18,18000,18000,17605,17890,60,+0.34,3851,-18,0,+19
2025/02/17,18000,18200,17820,17830,5,+0.03,1133,+10,0,-10
2025/02/14,17440,17870,17390,17825,390,+2.24,3407,-8,0,+9
2025/02/13,17370,17490,17370,17435,65,+0.37,1701,-7,0,+8
2025/02/12,16825,17395,16825,17370,40,+0.23,3643,0,0,-1
2025/02/11,17425,17475,17325,17330,95,+0.55,1038,-2,0,+2
2025/02/10,17200,17235,17040,17235,35,+0.20,1551,-12,0,+13
2025/02/07,18000,18000,17200,17200,90,-0.52,1929,+11,0,-11
2025/02/06,17105,17290,17100,17290,515,+3.07,1280,+2,0,-3
2025/02/05,16670,16855,16670,16775,30,+0.18,1533,+8,0,-8
2025/02/04,15625,16905,15625,16745,610,+3.78,4240,-5,0,+5
2025/02/03,17185,17185,16110,16135,1125,-6.52,2927,+16,0,-16
2025/01/31,17910,17910,17110,17260,770,-4.27,3886,-19,0,+20
2025/01/24,18300,18300,17915,18030,300,-1.64,2387,+16,0,-16
2025/01/23,18700,18700,18205,18330,225,-1.21,1628,+8,0,-9
2025/01/22,18050,18555,18050,18555,505,+2.80,7819,+4,0,-3
2025/01/21,18015,18185,17940,18050,35,+0.19,1053,-8,0,+8
2025/01/20,18100,18160,18015,18015,15,+0.08,1575,-9,0,+8
2025/01/17,17690,18005,17690,18000,310,+1.75,4060,-41,0,+41
2025/01/16,17500,17735,17500,17690,450,+2.61,387,-2,0,+2
2025/01/15,17035,17275,17035,17240,205,+1.20,966,-2,0,+1
2025/01/14,17060,17130,16935,17035,25,-0.15,2142,-25,0,+24
2025/01/13,17480,17480,17050,17060,455,-2.60,2650,-32,0,+32
2025/01/10,17800,17800,16850,17515,85,-0.48,1838,-4,0,+4
2025/01/09,17380,17700,17380,17600,220,+1.27,3288,-2,0,+2
2025/01/08,17440,17445,17300,17380,60,-0.34,2399,+4,0,-4
2025/01/07,17500,17755,17005,17440,470,+2.77,9190,-20,0,+20
2025/01/06,16890,16970,16630,16970,775,+4.79,1614,-6,0,+7
2025/01/03,15660,16195,15660,16195,540,+3.45,2278,-5,0,+5
2025/01/02,16035,16035,15620,15655,380,-2.37,1759,+3,0,-4
2024/12/30,15805,16190,15805,16035,80,-0.50,1406,+6,0,-5
2024/12/27,16030,16230,16030,16115,85,+0.53,1781,-14,0,+14
2024/12/26,15825,16090,15825,16030,110,+0.69,4151,-6,0,+6
2024/12/24,16005,16020,15890,15920,80,-0.50,889,-3,0,+3
2024/12/23,15335,16060,15335,16000,665,+4.34,4323,-6,0,+6
2024/12/20,15880,15880,15295,15335,545,-3.43,24871,-52,0,+51
2024/12/19,16200,16200,15760,15880,1250,-7.30,10734,+34,0,-34
2024/12/18,16730,17130,16730,17130,70,+0.41,1200,-10,0,+10
2024/12/17,17200,17200,17030,17060,300,+1.79,1321,-5,0,+6
2024/12/16,16825,16890,16700,16760,280,+1.70,1197,+14,0,-15
2024/12/13,17210,17210,16445,16480,230,-1.38,836,+1,0,-1
2024/12/12,16195,16710,16195,16710,520,+3.21,2298,-27,0,+27
2024/12/11,16025,16190,16025,16190,160,-0.98,382,-4,0,+4
2024/12/10,16395,16400,16315,16350,110,+0.68,325,-1,0,0
2024/12/09,15830,16330,15830,16240,145,+0.90,4707,-47,0,+47
2024/12/06,15805,16230,15805,16095,380,-2.31,1072,-15,0,+15
2024/12/05,16350,16535,16350,16475,325,+2.01,240,-1,0,0
2024/12/04,15355,16200,15355,16150,205,+1.29,3202,-22,0,+22
2024/12/03,15600,15955,15600,15945,230,+1.46,1711,-16,0,+16
2024/12/02,15700,15780,15610,15715,15,+0.10,7085,-82,0,+82
2024/11/29,16220,16445,15600,15700,50,-0.32,1071,-2,0,+1
2024/11/28,16100,16800,15725,15750,465,-2.87,993,-3,0,+3
2024/11/27,16710,16710,16110,16215,495,-2.96,1457,+3,0,-2
2024/11/26,16745,16750,16680,16710,135,+0.81,3808,-32,0,+33
2024/11/25,16390,16620,16390,16575,185,+1.13,3126,+1,0,-1
2024/11/22,16390,16450,16370,16390,475,+2.98,1340,+10,0,-10
2024/11/21,15750,15980,15750,15915,20,+0.13,2777,-9,0,+9
2024/11/20,16055,16055,15830,15895,160,-1.00,621,0,0,0
2024/11/19,16030,16055,16000,16055,100,+0.63,307,-1,0,+1
2024/11/18,16060,16190,15935,15955,105,-0.65,2536,+14,0,-13
2024/11/15,15965,16105,15855,16060,95,+0.60,2325,0,0,0
2024/11/14,16415,16415,15950,15965,440,-2.68,2227,-14,0,+14
2024/11/13,16600,16665,16400,16405,395,-2.35,1938,+15,0,-15
2024/11/12,17280,17280,16800,16800,480,-2.78,5448,-41,0,+24
2024/11/11,17880,17880,16875,17280,360,-2.04,4288,+2,0,-19
2024/11/08,17740,17770,17640,17640,115,+0.66,1946,-13,0,+12
2024/11/07,17465,17560,17400,17525,315,+1.83,4256,-37,0,+37
2024/11/06,16865,17320,16865,17210,345,+2.05,8247,-9,0,+9
2024/11/05,16830,17300,16830,16865,35,+0.21,322,+2,0,-2
2024/11/04,16565,16935,16565,16830,270,+1.63,522,-2,0,+1
2024/11/01,17540,17540,16150,16560,505,-2.96,1419,+7,0,-8
2024/10/31,16655,17175,16655,17065,445,-2.54,7488,+4,0,-4
2024/10/30,17275,17670,17275,17510,235,+1.36,684,+5,0,-5
2024/10/29,17500,17500,16750,17275,255,-1.45,2774,+5,0,-5
2024/10/28,17650,17650,17505,17530,190,+1.10,1341,-7,0,+6
2024/10/25,17775,17880,17300,17340,80,+0.46,1588,+9,0,-9
2024/10/24,17445,17740,17165,17260,185,-1.06,780,+5,0,-6
2024/10/23,17900,17900,17070,17445,270,+1.57,2478,-18,0,+17
2024/10/22,17315,17375,17120,17175,325,-1.86,3412,-4,0,+4
2024/10/21,17735,17735,17340,17500,200,+1.16,3912,-21,0,+21
2024/10/18,18005,18005,17300,17300,185,-1.06,4324,-26,0,+26
2024/10/17,17195,17485,17165,17485,290,+1.69,2082,-9,0,+9
2024/10/16,18025,18200,17105,17195,1010,-5.55,8779,+33,0,-33
2024/10/15,18000,18520,18000,18205,465,+2.62,3754,+23,0,-23
2024/10/14,17705,17820,17655,17740,240,+1.37,2311,-3,0,+3
2024/10/11,17800,22155,17150,17500,225,+1.30,4532,-17,0,+16
2024/10/10,17055,17460,17055,17275,0,0.00,849,+5,0,-5
2024/10/08,17290,17340,17180,17275,15,-0.09,3908,-10,0,+10
2024/10/07,16945,17355,16945,17290,350,+2.07,3100,-14,0,+14
2024/10/04,16820,17010,16820,16940,120,+0.71,3367,-18,0,+18
2024/10/02,16170,18000,16170,16820,295,-1.72,1710,-3,0,+3
2024/09/30,17700,17700,17100,17115,585,-3.31,5467,-3,0,+3
2024/09/27,17900,18025,17480,17700,100,-0.56,11982,+75,0,-75
2024/09/26,17340,17815,17035,17800,1425,+8.70,46328,-57,0,+57
2024/09/25,16440,16500,16370,16375,105,+0.65,1875,+15,0,-13
2024/09/24,16225,16270,16155,16270,195,+1.21,3732,-4,0,+5
2024/09/23,15755,16150,15755,16075,90,+0.56,1129,0,0,0
2024/09/20,16000,16120,15970,15985,295,+1.88,2331,+2,0,-2
2024/09/19,15650,15795,15030,15690,205,-1.29,8085,-32,0,+32
2024/09/13,16470,16470,15850,15895,575,-3.49,2803,-3,0,+3
2024/09/12,15955,16800,15955,16470,840,+5.37,2985,-4,0,+5
2024/09/11,15640,15745,15500,15630,60,-0.38,2735,-5,0,+5
2024/09/10,15770,15890,15655,15690,90,-0.57,1305,+1,0,-1
2024/09/09,15890,15895,15500,15780,235,-1.47,797,-3,0,+2
2024/09/06,16100,16100,15975,16015,285,-1.75,709,-4,0,+3
2024/09/05,16345,16420,16140,16300,40,+0.25,1780,-4,0,+4
2024/09/04,17400,17400,16185,16260,1190,-6.82,6411,+22,0,-21
2024/09/03,17615,17645,17450,17450,165,-0.94,911,+2,0,-2
2024/09/02,17675,17715,17520,17615,60,-0.34,1132,-7,0,+7
2024/08/30,17175,17675,17175,17675,515,+3.00,5277,-43,0,+43
2024/08/29,16885,17325,16885,17160,830,-4.61,3775,-14,0,+14
2024/08/28,17740,17990,17730,17990,190,+1.07,2930,+14,0,-13
2024/08/27,18230,18230,17785,17800,435,-2.39,2021,+10,0,-10
2024/08/26,18780,18780,18200,18235,525,-2.80,2022,+10,0,-10
2024/08/23,19055,19055,18685,18760,295,-1.55,2909,+8,0,-8
2024/08/22,18805,19325,18805,19055,10,-0.05,1073,-6,0,+6
2024/08/21,19050,19095,18975,19065,295,-1.52,2764,-19,0,+19
2024/08/20,19105,19560,19105,19360,280,+1.47,7212,-47,0,+47
2024/08/19,20040,20045,19080,19080,505,-2.58,2327,+15,0,-15
2024/08/16,18950,19585,18905,19585,1180,+6.41,3273,-8,0,+8
2024/08/14,18300,19780,18245,18405,415,+2.31,8128,-72,0,+72
2024/08/13,18080,18080,17890,17990,255,+1.44,3682,+8,0,-9
2024/08/12,17355,17820,17355,17735,265,+1.52,1784,+1,0,-1
2024/08/09,17515,17660,17255,17470,680,+4.05,5212,-31,0,+31
2024/08/08,17375,17770,16355,16790,585,-3.37,2969,-8,0,+8
2024/08/07,17550,17550,16685,17375,195,+1.14,6257,+9,0,-9
2024/08/06,16250,17295,16250,17180,1200,+7.51,10956,-31,0,+31
2024/08/05,17500,17500,15845,15980,2110,-11.66,30977,-66,0,+66
2024/08/02,19975,19975,18085,18090,1885,-9.44,30034,+4,0,-4
2024/08/01,20575,20575,19800,19975,585,+3.02,34841,+14,0,-15
2024/07/31,19850,19850,18720,19390,105,-0.54,96796,+17,0,-16
2024/07/30,19735,19735,19445,19495,240,-1.22,2435,-14,0,+14
2024/07/29,19470,19740,19470,19735,265,+1.36,6868,+8,0,-7
2024/07/26,19440,19500,19260,19470,40,+0.21,5084,-23,0,+23
2024/07/25,20285,20285,19400,19430,865,-4.26,9037,-58,0,+57
2024/07/24,20635,20640,20155,20295,340,-1.65,8172,+13,0,-12
2024/07/23,21235,21235,20400,20635,300,+1.48,5039,+15,0,-15
2024/07/22,20885,20885,20010,20335,575,-2.75,16679,-143,0,+143
2024/07/19,21000,21140,20605,20910,265,-1.25,4275,+43,0,-43
2024/07/18,20135,21190,20090,21175,900,-4.08,13750,-42,0,+43
2024/07/17,22750,22750,22075,22075,675,-2.97,8060,+4,0,-4
2024/07/16,22260,22780,22260,22750,295,+1.31,3357,-22,0,+22
2024/07/15,22510,23775,22445,22455,45,-0.20,9455,+10,0,-10
2024/07/12,22205,22585,22205,22500,855,-3.66,10292,+17,0,-17
2024/07/11,23150,23700,23020,23355,335,+1.46,12561,+63,0,-63
2024/07/10,23100,23100,22890,23020,30,+0.13,4662,-1,0,+1
2024/07/09,23095,23100,22840,22990,280,+1.23,5981,-17,0,+28
2024/07/08,24350,24350,22630,22710,475,-2.05,16905,-87,0,+87
2024/07/05,23650,24005,22780,23185,485,+2.14,15692,+238,0,-238
2024/07/04,22730,22805,22630,22700,170,+0.75,7053,+25,0,-25
2024/07/03,22280,22530,22150,22530,255,+1.14,10608,-108,0,+107
2024/07/02,22395,22395,22225,22275,90,-0.40,5119,-33,0,+34
2024/07/01,22370,22370,22240,22365,5,-0.02,6017,+42,0,-42
2024/06/28,22580,22580,22250,22370,210,-0.93,44309,+7,0,-9
2024/06/27,22160,22605,22160,22580,325,-1.42,47236,+78,0,-78
2024/06/26,22155,22935,22155,22905,760,+3.43,57833,+171,0,-170
2024/06/25,21310,22190,21310,22145,270,-1.20,60970,-12,0,+12
2024/06/24,22760,22790,22230,22415,385,-1.69,55821,+55,0,-56
2024/06/21,23055,23055,22725,22800,780,-3.31,61184,+51,0,-55
2024/06/20,23390,23610,23330,23580,115,+0.49,48770,+196,0,-196
2024/06/19,23280,24105,23280,23465,560,+2.44,55163,+179,0,-178
2024/06/18,22340,22990,22340,22905,720,+3.25,54952,+140,0,-140
2024/06/17,22375,22520,22125,22185,150,-0.67,50080,+210,0,-215
2024/06/14,22370,22675,22120,22335,0,0.00,71533,+103,0,-105
2024/06/13,21720,22370,21660,22335,875,+4.08,49153,+101,0,-101
2024/06/12,21300,21470,21245,21460,435,+2.07,43648,-3,0,+8
2024/06/11,21160,21165,20800,21025,15,-0.07,58514,-208,0,+206
2024/06/10,21635,21640,20990,21040,115,+0.55,43075,+1,0,-5
2024/06/07,20490,20925,20490,20925,645,+3.18,46601,+1,0,-2
2024/06/05,20110,20285,20060,20280,75,+0.37,48860,+70,0,-70
2024/06/04,20245,20255,20165,20205,45,+0.22,5094,-4,0,+3
2024/06/03,19935,20180,19840,20160,110,+0.55,7199,-7,0,+7
2024/05/31,20175,20175,20000,20050,240,-1.18,5188,+83,0,-83
2024/05/30,20945,20945,20280,20290,415,-2.00,5727,+5,0,-6
2024/05/29,20660,20860,20660,20705,105,+0.51,7809,-38,0,+38
2024/05/28,20510,20645,20505,20600,70,+0.34,4819,-13,0,+13
2024/05/27,20480,20600,20280,20530,330,+1.63,5720,-40,0,+40
2024/05/24,20000,20305,19720,20200,200,-0.98,2723,-20,0,+19
2024/05/23,20490,20800,20240,20400,90,+0.44,4343,-28,0,+29
2024/05/22,20320,20320,20050,20310,20,+0.10,2746,-9,0,+10
2024/05/21,20720,20720,20190,20290,335,+1.68,1852,-1,0,0
2024/05/20,20000,20005,19900,19955,45,-0.22,2850,+17,0,-17
2024/05/17,19995,20000,19955,20000,5,+0.03,1266,-3,0,+4
2024/05/16,19700,20335,19700,19995,495,+2.54,8672,-63,0,+63
2024/05/14,19505,19600,19500,19500,5,-0.03,415,-1,0,+1
2024/05/13,19345,19630,19345,19505,165,+0.85,2339,0,0,0
2024/05/10,19235,19390,19110,19340,75,-0.39,5763,-45,0,+45
2024/05/09,19840,19840,19410,19415,80,-0.41,4399,+1,0,-1
2024/05/08,19780,19780,19335,19495,10,+0.05,296,+2,0,-2
2024/05/07,18650,19500,18650,19485,860,+4.62,2496,-14,0,+13
2024/05/03,18880,18880,18625,18625,5,-0.03,2824,-18,0,+18
2024/05/02,18395,18670,18395,18630,430,-2.26,1879,+5,0,-5
2024/04/30,19105,19200,19020,19060,45,-0.24,5674,+30,0,-30
2024/04/29,19120,19255,19095,19105,185,+0.98,3104,+38,0,-28
2024/04/26,19290,19490,18330,19120,130,+0.68,4859,-44,0,+43
2024/04/25,19300,19300,18760,18990,305,-1.58,17675,+104,0,-105
2024/04/24,18805,19395,18655,19295,850,+4.61,11957,+30,0,-39
2024/04/23,18815,18815,18400,18445,185,-0.99,13161,+7,0,-9
2024/04/22,18630,18630,18275,18630,100,-0.53,17644,-230,0,+229
2024/04/19,19345,19345,18340,18730,1080,-5.45,90360,+65,0,-67
2024/04/18,19150,19810,18350,19810,200,-1.00,15821,-91,0,+90
2024/04/17,19890,20285,19890,20010,120,+0.60,7795,-29,0,+30
2024/04/16,20490,20490,19875,19890,750,-3.63,14404,+20,0,-21
2024/04/15,20460,20655,20400,20640,290,-1.39,5179,+36,0,-37
2024/04/12,20765,21450,20765,20930,420,+2.05,11257,+115,0,-115
2024/04/11,20335,20550,20105,20510,175,+0.86,85408,-65,0,+65
2024/04/09,20375,20445,20175,20335,0,0.00,6404,+7,0,-7
2024/04/08,20390,20495,20250,20335,45,-0.22,3029,-12,0,+12
2024/04/05,20825,20825,20165,20380,445,-2.14,15262,+82,0,-82
2024/04/04,20740,20965,20440,20825,625,+3.09,32308,+494,0,-494
2024/04/03,20500,20500,19920,20200,500,-2.42,11375,+67,0,-67
2024/04/02,20475,20765,20275,20700,675,+3.37,34826,+349,0,-350
2024/04/01,19950,20055,19905,20025,10,-0.05,7758,+39,0,-38
2024/03/29,19745,20055,19680,20035,435,+2.22,7118,+50,0,-50
2024/03/28,19895,19900,19555,19600,295,-1.48,7251,+3,0,-3
2024/03/27,19560,20505,19525,19895,370,+1.90,8026,+13,0,-14
2024/03/26,18910,19775,18910,19525,620,+3.28,7627,-20,0,+19
2024/03/25,18905,19130,18785,18905,95,+0.51,5854,-18,0,+7
2024/03/22,19045,19045,18715,18810,140,+0.75,78041,-1256,0,+1254
2024/03/21,17805,18695,17805,18670,1175,+6.72,133342,+1473,0,-1473
2024/03/20,17345,17495,17100,17495,305,+1.77,2454,-16,0,+15
2024/03/19,17445,17445,17145,17190,235,-1.35,917,-6,0,+7
2024/03/18,17175,17425,17175,17425,335,+1.96,1027,+16,0,-16
2024/03/15,17215,17305,17080,17090,355,-2.03,4039,+20,0,-19
2024/03/14,17635,17635,17405,17445,190,-1.08,277,+2,0,-2
2024/03/13,17800,17800,17465,17635,235,+1.35,1269,+13,0,-13
2024/03/12,17505,17505,17325,17400,290,-1.64,1058,+2,0,-1
2024/03/11,18150,18150,17660,17690,460,-2.53,2790,+17,0,-18
2024/03/08,18020,18185,18010,18150,535,+3.04,3232,+4,0,-4
2024/03/07,17590,17725,17460,17615,45,+0.26,2223,+25,0,-25
2024/03/06,17695,17695,17500,17570,215,-1.21,957,+5,0,-6
2024/03/05,17880,17945,17730,17785,60,+0.34,4550,+3,0,-3
2024/03/04,17150,17800,17150,17725,845,+5.01,4078,-39,0,+38
2024/02/29,17070,17070,16880,16880,280,-1.63,1198,-4,0,+5
2024/02/28,16955,17160,16945,17160,215,+1.27,4180,-60,0,+60
2024/02/27,17120,17130,16945,16945,125,+0.74,1978,+23,0,-24
2024/02/26,16875,16950,16805,16820,55,-0.33,657,+2,0,-2
2024/02/23,16435,17100,16435,16875,450,+2.74,4142,-15,0,+13
2024/02/22,16435,16435,16195,16425,210,+1.30,670,+5,0,-5
2024/02/21,16430,16430,16130,16215,215,-1.31,1629,-10,0,+9
2024/02/20,16480,16480,16295,16430,55,+0.34,489,-2,0,+2
2024/02/19,16255,16450,16250,16375,120,+0.74,1488,+3,0,-3
2024/02/16,16600,16600,16205,16255,85,-0.52,973,+5,0,-5
2024/02/15,16380,16450,16220,16340,25,+0.15,461,-1,0,0
2024/02/14,16500,16500,16165,16315,185,-1.12,1461,+6,0,-6
2024/02/13,16385,16500,16385,16500,430,+2.68,3842,-15,0,+16
2024/02/08,15950,16080,15925,16070,125,+0.78,136,+2,0,-1
2024/02/07,15930,15990,15780,15945,5,+0.03,1508,-4,0,+4
2024/02/06,15835,16010,15825,15940,220,+1.40,172,0,0,0
2024/02/05,15875,15880,15660,15720,55,-0.35,2090,+4,0,-4
2024/02/02,15600,15855,15600,15775,135,+0.86,1193,0,0,0
2024/02/01,15675,15720,15640,15640,15,+0.10,1213,-2,0,+2
2024/01/31,16025,16025,15455,15625,315,-1.98,533,+1,0,-1
2024/01/30,15945,16065,15925,15940,45,+0.28,1002,+9,0,-9
2024/01/29,16075,16075,15750,15895,180,-1.12,851,-8,0,+8
2024/01/26,15995,16090,15950,16075,15,-0.09,2104,+12,0,-11
2024/01/25,16310,16310,16065,16090,230,+1.45,3424,-5,0,+5
2024/01/24,15840,15860,15770,15860,80,-0.50,373,+3,0,-3
2024/01/23,16120,16120,15770,15940,40,-0.25,1166,+2,0,-1
2024/01/22,15925,16075,15910,15980,440,+2.83,1387,-10,0,+10
2024/01/19,15300,15540,15300,15540,490,+3.26,2401,-30,0,+30
2024/01/18,14890,15050,14890,15050,150,+1.01,362,-5,0,+5
2024/01/17,15035,15085,14810,14900,50,-0.33,1103,-6,0,+5
2024/01/16,14990,14990,14895,14950,65,-0.43,1172,+17,0,-17
2024/01/15,15020,15035,15015,15015,60,+0.40,980,+1,0,-1
2024/01/12,15100,15100,14935,14955,65,-0.43,931,+1,0,-1
2024/01/11,14740,15020,14740,15020,35,+0.23,884,0,0,0
2024/01/10,15180,15180,14935,14985,205,-1.35,1363,+2,0,-1
2024/01/09,15300,15400,15145,15190,75,+0.50,2535,-8,0,+7
2024/01/08,15100,15205,14975,15115,15,+0.10,902,+7,0,-7
2024/01/05,15125,15130,15035,15100,5,-0.03,638,+6,0,-6
2024/01/04,15110,15190,15085,15105,95,-0.62,1941,+20,0,-20
2024/01/03,15545,15545,15050,15200,560,-3.55,4737,+23,0,-23
2024/01/02,15670,15775,15630,15760,75,+0.48,4110,-16,0,+17
2023/12/28,15645,15685,15645,15685,15,+0.10,2609,-10,0,+10
2023/12/27,15610,15685,15580,15670,125,+0.80,1565,+1,0,-1
2023/12/26,15640,15640,15440,15545,25,+0.16,4337,+17,0,-17
2023/12/22,15340,15555,15310,15520,455,+3.02,14530,-123,0,+123
2023/12/21,15115,15115,14900,15065,255,-1.66,12373,+142,0,-142
2023/12/20,15250,15320,15125,15320,165,+1.09,1757,-1,0,+1
2023/12/19,15210,15210,15100,15155,60,-0.39,456,-5,0,+5
2023/12/18,15150,15295,15150,15215,10,+0.07,1312,+2,0,-2
2023/12/15,14940,15225,14940,15205,380,+2.56,4345,+16,0,-17
2023/12/14,14800,14825,14800,14825,225,+1.54,1857,+12,0,-12
2023/12/13,14570,14685,14570,14600,60,+0.41,56,0,0,0
2023/12/12,14500,14550,14500,14540,365,+2.57,606,-7,0,+6
2023/12/11,14170,14285,14170,14175,15,+0.11,198,-1,0,+1
2023/12/08,14105,14160,14085,14160,270,+1.94,363,-1,0,+1
2023/12/07,14010,14015,13860,13890,225,-1.59,241,-2,0,+1
2023/12/06,14055,14150,14055,14115,230,+1.66,508,+1,0,-2
2023/12/05,14245,14245,13885,13885,480,-3.34,1146,+7,0,-7
2023/12/04,14420,14420,14365,14365,60,-0.42,58,0,0,0
2023/12/01,14385,14430,14295,14425,120,+0.84,1538,+4,0,-4
2023/11/30,14305,14335,14305,14305,55,+0.39,519,-2,0,+3
2023/11/29,14250,14250,14145,14250,35,-0.25,139,0,0,0
2023/11/28,14285,14285,14285,14285,25,+0.18,1,0,0,0
2023/11/27,14255,14260,14255,14260,40,-0.28,321,-4,0,+4
2023/11/24,14255,14300,14240,14300,120,+0.85,50,0,0,0
2023/11/23,14435,14440,14180,14180,100,-0.70,1606,+2,0,-1
2023/11/22,14335,14335,14200,14280,210,-1.45,310,0,0,0
2023/11/21,14550,14550,14490,14490,95,+0.66,1470,+14,0,-13
2023/11/20,14385,14405,14265,14395,130,+0.91,267,0,0,0
2023/11/17,14395,14395,14265,14265,175,-1.21,81,+1,0,0
2023/11/16,14430,14450,14430,14440,65,+0.45,263,0,0,0
2023/11/15,14440,14445,14350,14375,140,+0.98,803,+1,0,0
2023/11/14,14135,14235,14130,14235,105,+0.74,277,-2,0,+1
2023/11/13,14205,14310,14100,14130,165,+1.18,2937,-2,0,+2
2023/11/10,13815,13965,13815,13965,85,+0.61,1057,-14,0,+14
2023/11/09,13805,13885,13805,13880,70,+0.51,619,-4,0,+3
2023/11/08,13910,13910,13810,13810,100,-0.72,247,+3,0,-3
2023/11/07,13960,13960,13840,13910,115,+0.83,1022,0,0,0
2023/11/06,13680,13800,13680,13795,250,+1.85,1568,-2,0,+2
2023/11/03,13575,13620,13540,13545,70,+0.52,125,0,0,0
2023/11/02,13300,13490,13300,13475,340,+2.59,28,0,0,0
2023/11/01,13110,13195,13015,13135,220,+1.70,2338,0,0,0
2023/10/31,12955,12965,12915,12915,75,-0.58,65,0,0,0
2023/10/30,12995,13000,12990,12990,95,+0.74,47,0,0,0
2023/10/27,12915,12985,12825,12895,80,-0.62,418,0,0,0
2023/10/26,13285,13285,12940,12975,405,-3.03,2294,+1,0,-1
2023/10/25,13425,13500,13380,13380,120,+0.90,546,+6,0,-6
2023/10/24,13275,13335,13245,13260,90,-0.67,1177,+5,0,-5
2023/10/23,13405,13410,13135,13350,35,-0.26,1588,+1,0,-2
2023/10/20,13420,13420,13325,13385,175,-1.29,859,+1,0,-1
2023/10/19,13715,13715,13520,13560,180,-1.31,164,0,0,0
2023/10/18,13630,13745,13630,13740,110,+0.81,191,-1,0,0
2023/10/17,13485,13630,13470,13630,220,+1.64,1515,-2,0,+2
2023/10/16,13555,13560,13340,13410,185,-1.36,3479,+11,0,-11
2023/10/13,13705,13705,13535,13595,65,+0.48,618,0,0,0
2023/10/12,13480,13635,13480,13530,240,+1.81,427,0,0,0
2023/10/11,13440,13530,13290,13290,60,-0.45,1100,+3,0,-3
2023/10/10,13400,13400,13270,13350,105,+0.79,109,0,0,+1
2023/10/06,13245,13245,13170,13245,75,+0.57,51,0,0,0
2023/10/05,13270,13270,13170,13170,145,+1.11,144,+1,0,-1
2023/10/04,13035,13035,13000,13025,5,+0.04,544,0,0,-1
2023/09/27,13105,13105,13020,13020,45,-0.34,1028,0,0,0
2023/09/26,13195,13195,12940,13065,130,-0.99,263,0,0,-1
2023/09/25,13270,13270,13120,13195,150,+1.15,669,+2,0,-2
2023/09/22,13055,13085,12995,13045,10,-0.08,733,0,0,0
2023/09/21,13170,13170,13055,13055,250,-1.88,460,0,0,0
2023/09/20,13335,13405,13305,13305,20,-0.15,806,0,0,+1
2023/09/19,13325,13325,13325,13325,5,+0.04,8,0,0,0
2023/09/18,13495,13495,13280,13320,405,-2.95,1113,-6,0,+6
2023/09/15,13770,13810,13715,13725,20,+0.15,710,+5,0,-5
2023/09/14,13630,13705,13535,13705,185,+1.37,1932,+22,0,-22
2023/09/13,13430,13520,13430,13520,75,+0.56,1365,+4,0,-5
2023/09/12,13450,13455,13285,13445,5,-0.04,159,+2,0,-1
2023/09/11,13310,13515,13310,13450,15,+0.11,183,+2,0,-2
2023/09/08,13595,13595,13365,13435,205,-1.50,401,+5,0,-4
2023/09/07,13605,13640,13565,13640,15,-0.11,382,-2,0,+2
2023/09/06,14000,14000,13655,13655,70,-0.51,858,+4,0,-4
2023/09/05,13720,13725,13645,13725,5,+0.04,337,-2,0,+2
2023/09/04,13765,13765,13490,13720,100,+0.73,3781,-20,0,+19
2023/09/01,13505,13650,13460,13620,345,+2.60,3022,-18,0,+18
2023/08/31,13355,13355,13270,13275,110,+0.84,1295,-5,0,+4
2023/08/30,13285,13355,13150,13165,60,+0.46,9444,-64,0,+63
2023/08/29,13010,13105,13010,13105,145,+1.12,10,0,0,0
2023/08/28,12965,12965,12955,12960,15,+0.12,38,0,0,0
2023/08/25,13035,13035,12835,12945,410,-3.07,983,+4,0,-4
2023/08/24,13270,13355,13235,13355,335,+2.57,14900,-182,0,+181
2023/08/23,13055,13055,13020,13020,65,-0.50,325,-1,0,0
2023/08/22,13085,13270,13040,13085,50,+0.38,161,+1,0,0
2023/08/21,13035,13035,13035,13035,55,+0.42,6,0,0,0
2023/08/18,12930,12980,12730,12980,30,+0.23,1413,+2,0,-2
2023/08/17,12770,12985,12770,12950,115,-0.88,778,0,0,0
2023/08/16,12995,13150,12950,13065,260,+2.03,864,-10,0,+10
2023/08/14,13080,13080,12785,12805,360,-2.73,1755,+1,0,-1
2023/08/11,13155,13205,13065,13165,60,+0.46,4847,-51,0,+51
2023/08/10,13175,13220,12950,13105,295,-2.20,4281,+9,0,-9
2023/08/09,13300,13450,13195,13400,110,+0.83,40153,-378,0,+378
2023/08/08,13630,13630,13290,13290,230,-1.70,1452,+8,0,-8
2023/08/07,13390,13560,13370,13520,115,+0.86,1809,+19,0,-20
2023/08/04,13400,13435,13310,13405,15,+0.11,837,+3,0,-2
2023/08/03,13390,13390,13230,13390,190,-1.40,1176,-8,0,+8
2023/08/02,13740,13740,13420,13580,160,-1.16,3326,-7,0,+7
2023/08/01,13800,13800,13570,13740,40,+0.29,776,+2,0,-2
2023/07/31,13845,13875,13555,13700,60,-0.44,7005,+12,0,-12
2023/07/28,13490,13775,13490,13760,520,+3.93,6796,-14,0,+13
2023/07/27,13070,13310,13030,13240,425,+3.32,9245,+44,0,-44
2023/07/26,12940,13250,12625,12815,40,-0.31,1950,+3,0,-3
2023/07/25,12915,12915,12770,12855,60,-0.46,107,0,0,-1
2023/07/24,13045,13045,12780,12915,195,+1.53,5956,+41,0,-42
2023/07/21,12685,12770,12605,12720,165,-1.28,635,+4,0,-4
2023/07/20,13000,13000,12810,12885,115,-0.88,478,+1,0,-1
2023/07/19,13050,13220,13000,13000,125,-0.95,103,+1,0,0
2023/07/18,13170,13225,13095,13125,80,+0.61,354,0,0,-1
2023/07/17,13055,13055,12995,13045,10,-0.08,189,+1,0,0
2023/07/14,13205,13205,12930,13055,195,+1.52,3348,-3,0,+3
2023/07/13,12965,13030,12785,12860,65,-0.50,2013,+17,0,-17
2023/07/12,12960,12960,12885,12925,185,+1.45,1230,+13,0,-13
2023/07/11,12755,12755,12515,12740,235,+1.88,494,+2,0,-1
2023/07/10,12625,12625,12505,12505,225,-1.77,617,+3,0,-3
2023/07/07,12715,12750,12710,12730,125,-0.97,224,+2,0,-2
2023/07/06,12855,13040,12855,12855,355,-2.69,3566,+41,0,-41
2023/07/05,13130,13265,13130,13210,55,-0.41,634,+4,0,-5
2023/07/04,13190,13265,13190,13265,0,0.00,744,-4,0,+4
2023/07/03,13180,13280,13180,13265,215,+1.65,1242,0,0,+1
2023/06/30,13050,13050,13015,13050,200,-1.51,563,+1,0,-1
2023/06/29,13220,13300,13220,13250,190,+1.45,4450,-47,0,+46
2023/06/28,13130,13195,12975,13060,125,+0.97,1528,+1,0,-1
2023/06/27,12900,12935,12900,12935,50,+0.39,725,+1,0,0
2023/06/26,12825,12910,12815,12885,145,-1.11,539,0,0,-1
2023/06/23,13145,13145,12970,13030,150,+1.16,533,0,0,0
2023/06/22,12965,13015,12880,12880,135,-1.04,3103,+8,0,-7
2023/06/21,13025,13025,12975,13015,10,-0.08,765,+2,0,-2
2023/06/20,13065,13065,12845,13025,75,-0.57,5853,+1,0,-1
2023/06/19,13190,13190,13015,13100,90,-0.68,3603,+5,0,-6
2023/06/16,13285,13285,13075,13190,95,-0.72,1051,+10,0,-10
2023/06/15,13415,13415,13285,13285,75,+0.57,1641,+11,0,-12
2023/06/14,13260,13290,13185,13210,50,-0.38,369,0,0,0
2023/06/13,13290,13290,13130,13260,330,+2.55,5719,+32,0,-33
2023/06/12,13000,13050,12920,12930,160,-1.22,3893,+49,0,-48
2023/06/09,12710,13090,12710,13090,385,+3.03,2500,+3,0,-3
2023/06/08,12730,12800,12650,12705,105,-0.82,3194,+4,0,-4
2023/06/07,12930,12930,12760,12810,120,-0.93,446,+1,0,-1
2023/06/05,13140,13140,12915,12930,205,-1.56,3950,+3,0,-2
2023/06/02,13100,13175,13050,13135,175,+1.35,1063,-6,0,+6
2023/06/01,12955,13045,12825,12960,320,-2.41,7597,+72,0,-73
2023/05/31,13340,13370,13170,13280,220,-1.63,11083,+57,0,-57
2023/05/30,13525,13560,13370,13500,600,+4.65,9469,-26,0,+26
2023/05/26,12400,13045,12400,12900,500,+4.03,34582,-133,0,+133
2023/05/25,12200,12460,12200,12400,200,+1.64,59751,+608,0,-608
2023/05/24,11870,12225,11870,12200,35,-0.29,212,+2,0,-1
2023/05/23,12340,12340,12190,12235,210,-1.69,11002,+3,0,-3
2023/05/22,12445,12520,12320,12445,15,-0.12,531,+3,0,-3
2023/05/19,12415,12490,12390,12460,510,+4.27,2045,+5,0,-5
2023/05/18,11980,12040,11925,11950,180,+1.53,1454,-6,0,+7
2023/05/17,11710,11865,11705,11770,50,+0.43,1831,-16,0,+17
2023/05/16,11695,11845,11695,11720,390,+3.44,1104,-8,0,+8
2023/05/15,11385,11385,11330,11330,105,-0.92,63,0,0,0
2023/05/12,11265,11435,11265,11435,170,+1.51,4507,-48,0,+48
2023/05/11,11310,11310,11265,11265,45,-0.40,54,0,0,0
2023/05/10,11235,11315,11235,11310,80,-0.70,48,0,0,0
2023/05/09,11390,11390,11390,11390,95,-0.83,246,-2,0,+2
2023/05/08,11010,11500,11010,11485,140,+1.23,142,+1,0,-1
2023/05/04,11415,11415,11240,11345,140,-1.22,1154,+11,0,-11
2023/05/03,12500,12500,11380,11485,135,-1.16,811,-7,0,+6
2023/05/02,11625,11675,11500,11620,100,+0.87,1754,+5,0,-5
2023/04/28,11445,11560,11400,11520,130,+1.14,2347,0,0,0
2023/04/27,11140,11390,11100,11390,250,+2.24,2395,+1,0,-1
2023/04/26,11075,11140,11075,11140,10,+0.09,1406,+1,0,0
2023/04/25,11235,11235,11105,11130,170,-1.50,500,0,0,0
2023/04/24,11490,11490,11260,11300,190,-1.65,298,+2,0,-2
2023/04/21,11310,11490,11300,11490,210,+1.86,6273,+10,0,-10
2023/04/20,11360,11360,11230,11280,80,-0.70,140,+1,0,-1
2023/04/19,11290,11360,11285,11360,75,+0.66,280,+1,0,-1
2023/04/18,11305,11305,11250,11285,175,-1.53,159,0,0,0
2023/04/17,11360,11460,11360,11460,15,-0.13,2608,+22,0,-22
2023/04/14,11445,11475,11435,11475,35,-0.30,137,+1,0,0
2023/04/13,11690,11690,11490,11510,180,-1.54,935,+3,0,-4
2023/04/12,11595,11700,11560,11690,60,+0.52,556,-1,0,+1
2023/04/11,11555,11635,11525,11630,245,+2.15,3013,-20,0,+20
2023/04/10,11365,11385,11285,11385,25,+0.22,449,+3,0,-3
2023/04/07,11305,11365,11105,11360,415,+3.79,11120,+12,0,-11
2023/04/06,10870,10950,10870,10945,175,-1.57,320,+1,0,-1
2023/04/05,11000,11140,10980,11120,15,-0.13,3104,+6,0,-6
2023/04/04,11095,11165,11095,11135,220,-1.94,875,+2,0,0
2023/04/03,11515,11515,11195,11355,155,-1.35,714,0,0,0
2023/03/31,12500,12500,11370,11510,75,+0.66,2461,+4,0,-4
2023/03/30,11345,11455,11315,11435,355,+3.20,3138,+2,0,-1
2023/03/29,12500,12500,11030,11080,65,-0.58,5047,+53,0,-53
2023/03/28,11175,11175,10980,11145,30,-0.27,6272,+69,0,-69
2023/03/27,11330,11330,11155,11175,125,-1.11,705,0,0,0
2023/03/24,11265,11340,11180,11300,240,+2.17,552,+1,0,-1
2023/03/23,11030,11060,10515,11060,60,+0.55,4970,+44,0,-44
2023/03/22,10815,11000,10800,11000,200,+1.85,5094,-49,0,+49
2023/03/21,10880,10880,10770,10800,5,-0.05,488,+4,0,-4
2023/03/20,10765,10810,10765,10805,65,+0.61,809,+7,0,-6
2023/03/17,10625,10740,10625,10740,390,+3.77,931,-5,0,+5
2023/03/16,10225,10350,10225,10350,15,-0.14,691,-5,0,+6
2023/03/15,10405,10405,10355,10365,55,+0.53,9,0,0,0
2023/03/14,10320,10320,10310,10310,200,-1.90,164,0,0,0
2023/03/13,10520,10520,10490,10510,10,-0.10,312,+3,0,-3
2023/03/10,10500,10575,10480,10520,185,-1.73,3001,+1,0,-2
2023/03/09,10640,10820,10640,10705,65,+0.61,1173,+2,0,-2
2023/03/08,10740,10740,10580,10640,155,-1.44,5842,+55,0,-55
2023/03/07,10960,10960,10735,10795,5,-0.05,2173,-14,0,+14
2023/03/06,10895,10895,10675,10800,75,+0.70,6313,-60,0,+61
2023/03/03,10765,10765,10645,10725,25,-0.23,4826,+1,0,0
2023/03/02,10915,10915,10715,10750,300,-2.71,8720,+9,0,-10
2023/02/28,10865,11050,10850,11050,185,+1.70,1242,+12,0,-12
2023/02/27,10900,10900,10795,10865,135,-1.23,1033,+2,0,-2
2023/02/24,11445,11445,10870,11000,60,+0.55,584,+3,0,-4
2023/02/23,10620,11050,10620,10940,110,+1.02,2051,-3,0,+4
2023/02/22,10850,10885,10755,10830,185,-1.68,1006,+3,0,-3
2023/02/21,11145,11145,10965,11015,130,-1.17,557,+4,0,-5
2023/02/20,11195,11220,10945,11145,50,-0.45,2952,+9,0,-8
2023/02/17,10480,11290,10480,11195,115,-1.02,1706,0,0,0
2023/02/16,11240,11325,11240,11310,45,+0.40,548,-1,0,0
2023/02/15,11260,11335,11130,11265,135,+1.21,4282,-4,0,+5
2023/02/14,11000,11250,10895,11130,235,+2.16,1920,+1,0,-2
2023/02/13,10955,10965,10855,10895,245,-2.20,1092,+5,0,-6
2023/02/10,11265,11275,11140,11140,0,0.00,28,0,0,0
2023/02/09,11345,11350,10725,11140,70,-0.62,1789,+17,0,-17
2023/02/08,10905,11530,10900,11210,305,+2.80,816,+3,0,-3
2023/02/07,11335,11335,10765,10905,300,-2.68,1829,+3,0,-3
2023/02/06,10420,11205,10420,11205,5,-0.04,329,0,0,0
2023/02/03,11160,11210,11095,11210,50,+0.45,228,0,0,0
2023/02/02,10765,11420,10755,11160,545,+5.13,4480,+26,0,-26
2023/02/01,10640,10640,10540,10615,25,-0.23,684,0,0,-1
2023/01/31,10740,10740,10455,10640,265,-2.43,590,+4,0,-3
2023/01/30,11030,11050,10835,10905,205,-1.85,734,+3,0,-3
2023/01/27,11110,11110,11030,11110,20,-0.18,1493,+4,0,-4
2023/01/26,11050,11130,11035,11130,320,+2.96,3325,-4,0,+4
2023/01/25,10595,11035,10595,10810,460,+4.44,521,-1,0,0
2023/01/20,10320,10350,10285,10350,90,+0.88,103,0,0,0
2023/01/19,10275,10335,10260,10260,90,-0.87,306,0,0,-1
2023/01/18,10425,10425,10295,10350,75,-0.72,173,+1,0,-1
2023/01/17,10505,10505,10340,10425,45,-0.43,464,-3,0,+3
2023/01/16,10445,10540,10445,10470,25,+0.24,1450,+1,0,-1
2023/01/13,10485,10485,10350,10445,10,-0.10,704,-1,0,0
2023/01/12,10465,10465,10455,10455,0,0.00,646,-2,0,+1
2023/01/11,10400,10545,10370,10455,55,+0.53,473,-1,0,+1
2023/01/10,10305,10410,10305,10400,120,+1.17,883,+2,0,-2
2023/01/09,10325,10325,10200,10280,250,+2.49,16936,-153,0,+160
2023/01/06,10000,10040,9950,10030,140,-1.38,863,-1,0,-7
2023/01/05,10145,10345,10080,10170,560,+5.83,24481,-193,0,+193
2023/01/04,9435,9740,9435,9610,155,+1.64,35747,+337,0,-338
2023/01/03,9335,9455,9335,9455,140,+1.50,210,0,0,0
2023/01/02,9385,9395,9315,9315,180,+1.97,196,+1,0,-1
2022/12/29,9150,9165,9050,9135,265,-2.82,1732,+4,0,-5
2022/12/28,9470,9490,9395,9400,5,+0.05,437,+3,0,-4
2022/12/27,9550,9550,9385,9395,150,-1.57,438,-1,0,+1
2022/12/26,9405,9560,9340,9545,65,-0.68,587,+4,0,-4
2022/12/23,9865,9865,9610,9610,245,-2.49,316,0,0,-1
2022/12/22,9905,9905,9855,9855,65,+0.66,81,0,0,0
2022/12/21,9775,9815,9725,9790,60,-0.61,590,+3,0,-4
2022/12/20,11345,11345,9850,9850,45,+0.46,775,+4,0,-4
2022/12/19,10015,10015,9740,9805,55,-0.56,2490,-19,0,+19
2022/12/16,11100,11100,9860,9860,515,-4.96,1696,+4,0,-4
2022/12/15,10505,10505,10305,10375,125,-1.19,173,0,0,0
2022/12/14,10570,10570,10500,10500,150,+1.45,16,0,0,0
2022/12/13,10410,10410,10295,10350,60,+0.58,30,0,0,0
2022/12/12,10480,10480,10290,10290,80,-0.77,170,+1,0,-1
2022/12/09,10275,10370,10250,10370,270,+2.67,349,-1,0,+2
2022/12/08,10195,10195,10000,10100,25,+0.25,212,+2,0,-2
2022/12/07,10315,10315,10075,10075,10,-0.10,258,+2,0,-2
2022/12/06,10125,10200,10085,10085,40,-0.40,198,0,0,0
2022/12/05,10235,10235,10035,10125,325,-3.11,830,+7,0,-8
2022/12/02,10495,10495,10360,10450,320,-2.97,615,+5,0,-5
2022/12/01,10870,10870,10765,10770,450,+4.36,2198,+23,0,-23
2022/11/30,10340,10395,10320,10320,0,0.00,276,-1,0,+1
2022/11/29,10455,10455,10320,10320,90,-0.86,411,+2,0,-2
2022/11/28,10495,10495,10405,10410,425,-3.92,551,0,0,0
2022/11/25,10705,10900,10690,10835,60,+0.56,521,+4,0,-4
2022/11/24,10880,10895,10695,10775,30,+0.28,558,-1,0,+1
2022/11/23,10710,10745,10710,10745,145,+1.37,148,0,0,0
2022/11/22,10600,10605,10550,10600,0,0.00,186,+1,0,-1
2022/11/21,11335,11335,10310,10600,110,-1.03,6626,-3,0,+3
2022/11/18,10735,10850,10600,10710,115,-1.06,1649,+7,0,-7
2022/11/17,11245,11245,10710,10825,305,-2.74,270,+2,0,-1
2022/11/16,11080,11135,11040,11130,235,+2.16,555,0,0,0
2022/11/15,10980,10980,10795,10895,285,-2.55,606,+3,0,-2
2022/11/14,11345,11345,11045,11180,230,+2.10,19618,-7,0,+6
2022/11/11,10675,11260,10675,10950,470,+4.48,21655,+15,0,-15
2022/11/10,10615,10615,10390,10480,180,-1.69,443,+4,0,-4
2022/11/09,10715,10765,10640,10660,25,+0.24,257,-1,0,0
2022/11/08,10645,10735,10635,10635,190,+1.82,421,+1,0,-2
2022/11/07,10325,10515,10325,10445,365,+3.62,147952,+7,0,-7
2022/11/04,10060,10100,9985,10080,70,+0.70,383,+1,0,-1
2022/11/03,10115,10170,9990,10010,340,-3.29,151682,+10,0,-11
2022/11/02,10335,10445,10310,10350,110,+1.07,408,+2,0,-2
2022/11/01,10220,10345,10215,10240,205,+2.04,2514,-3,0,+3
2022/10/31,9950,10095,9905,10035,85,+0.85,152423,+1,0,-1
2022/10/28,10170,10170,9880,9950,635,-6.00,32843,+24,0,-23
2022/10/27,10600,10625,10500,10585,75,-0.70,1187,+6,0,-7
2022/10/26,10640,10660,10480,10660,30,-0.28,119893,-4,0,+4
2022/10/25,10635,10750,10635,10690,140,+1.33,486,+3,0,-3
2022/10/24,10575,10595,10435,10550,620,+6.24,4952,-7,0,+6
2022/10/21,9930,9930,9900,9930,70,+0.71,560,+5,0,-5
2022/10/20,9825,9860,9750,9860,10,-0.10,1555,-5,0,+4
2022/10/19,9990,9995,9860,9870,40,-0.40,1145,+1,0,-1
2022/10/18,10080,10090,9910,9910,190,-1.88,2943,+18,0,-17
2022/10/17,10090,10145,10015,10100,310,-2.98,150303,+6,0,-6
2022/10/14,10190,10410,10190,10410,360,+3.58,4077,+24,0,-25
2022/10/13,10045,10065,10035,10050,10,-0.10,6543,+3,0,-3
2022/10/12,9920,10085,9920,10060,195,+1.98,168727,+35,0,-35
2022/10/11,10145,10145,9845,9865,410,-3.99,127553,-8,0,+9
2022/10/07,10255,10295,10160,10275,180,-1.72,7211,+24,0,-24
2022/10/06,10515,10515,10395,10455,105,+1.01,162353,+8,0,-8
2022/10/05,10380,10470,10350,10350,225,+2.22,161519,0,0,0
2022/10/04,9955,10190,9955,10125,545,+5.69,145680,+23,0,-24
2022/09/30,9520,9780,9520,9580,80,-0.83,943,+8,0,-7
2022/09/29,9705,9705,9660,9660,70,+0.73,74,0,0,0
2022/09/28,9670,9670,9535,9590,45,+0.47,207,-1,0,+1
2022/09/27,9540,9605,9510,9545,45,-0.47,763,+6,0,-5
2022/09/26,9595,9620,9565,9590,5,-0.05,821,-3,0,+3
2022/09/23,9670,9710,9580,9595,175,-1.79,2744,+3,0,-4
2022/09/22,9850,9850,9765,9770,215,-2.15,2962,+10,0,-10
