일자,종가,대비,등락률,거래량,시가,고가,저가
2026/08/31,148.0600,3.3500,+2.31,26034647,142.0800,149.6000,141.6900
2026/08/28,144.7100,6.2800,+4.54,29034354,138.4800,145.7200,137.8000
2026/08/27,138.4300,12.6300,+10.04,27815534,130.4800,139.3200,130.2500
2026/08/26,125.8000,1.2000,-0.94,13384897,122.3300,126.5600,121.8800
2026/08/25,127.0000,1.0500,-0.82,12317489,125.9550,129.8050,125.2500
2026/08/24,128.0500,0.4300,-0.33,8949329,128.0550,130.1500,127.5900
2026/08/21,128.4800,1.2700,-0.98,12504630,130.2900,131.1800,127.4700
2026/08/20,129.7500,2.5500,+2.00,16952258,128.1450,131.1500,127.1000
2026/08/19,127.2000,7.7100,+6.45,22503782,118.6400,129.6000,118.5113
2026/08/18,119.4900,1.7900,+1.52,17341506,119.4800,121.8380,117.8400
2026/08/17,117.7000,6.3000,-5.08,20204166,122.4300,123.3600,117.5850
2026/08/14,124.0000,3.2500,-2.55,15030799,127.7000,128.6500,122.1700
2026/08/13,127.2500,2.3100,+1.85,23124880,125.5950,129.7500,121.6500
2026/08/12,124.9400,2.6000,-2.04,12654575,123.6400,125.6400,121.8500
2026/08/11,127.5400,0.1000,+0.08,13460978,126.2600,128.9699,125.1600
2026/08/10,127.4400,2.5600,+2.05,17216070,124.7200,127.8900,123.2800
2026/08/07,124.8800,7.5300,+6.42,26705943,121.6650,126.1500,120.9600
2026/08/06,117.3500,0.1300,+0.11,16281461,113.0000,117.4200,111.8000
2026/08/05,117.2200,0.9200,-0.78,15596907,119.9000,120.0000,115.7100
2026/08/04,118.1400,3.9500,+3.46,19398635,112.5900,118.3300,112.0000
2026/08/03,114.1900,2.9600,+2.66,24517547,114.5100,119.6400,113.7000
2026/07/31,111.2300,1.1600,+1.05,20525330,108.5000,112.3900,106.0500
2026/07/30,110.0700,5.6900,-4.92,29757945,110.5000,113.1150,106.3800
2026/07/29,115.7600,5.1400,+4.65,40448128,110.4200,118.3600,109.5000
2026/07/28,110.6200,5.0600,+4.79,33681078,106.8800,112.2800,106.5000
2026/07/27,105.5600,6.7800,+6.86,32533721,101.8700,108.1488,100.3500
2026/07/24,98.7800,6.8400,+7.44,29625392,94.9200,98.9250,94.8700
2026/07/23,91.9400,3.5200,-3.69,48998238,100.0050,100.2500,91.5311
2026/07/22,95.4600,6.6000,-6.47,43600908,100.8700,101.1600,94.7400
2026/07/21,102.0600,2.6400,-2.52,19158503,101.6500,104.5799,101.0500
2026/07/20,104.7000,1.4600,+1.41,20547059,100.5210,105.3300,98.4300
2026/07/17,103.2400,0.7700,-0.74,16207257,102.8800,105.8300,102.6400
2026/07/16,104.0100,0.7200,-0.69,20318249,104.9400,105.8600,99.3100
2026/07/15,104.7300,0.1200,-0.11,13784215,106.5000,108.7500,104.3300
2026/07/14,104.8500,6.4100,-5.76,23213068,103.7400,107.9600,102.6100
2026/07/13,111.2600,3.5500,+3.30,16607255,109.5000,113.0300,107.6523
2026/07/10,107.7100,1.1300,-1.04,11096949,111.2700,111.5000,105.7100
2026/07/09,108.8400,1.0600,+0.98,14241364,102.0250,109.2500,101.5100
2026/07/08,107.7800,2.9500,-2.66,15069394,106.2100,108.4400,105.4000
2026/07/07,110.7300,2.8000,+2.59,22339364,111.5450,113.7900,109.0400
2026/07/06,107.9300,1.6100,+1.51,16524507,104.1000,110.6350,103.3359
2026/07/02,106.3200,0.5200,+0.49,20276620,106.2200,107.6799,103.8400
2026/07/01,105.8000,6.5200,+6.57,26458594,103.6000,106.6900,101.7650
2026/06/30,99.2800,0.6900,-0.69,19433321,97.3100,99.6350,96.9500
2026/06/29,99.9700,1.6300,+1.66,25023060,100.4800,103.2100,99.4700
2026/06/26,98.3400,8.8200,+9.85,27314851,90.4400,98.9200,90.0000
2026/06/25,89.5200,4.2800,-4.56,23735598,91.7000,92.0600,89.3900
2026/06/24,93.8000,2.1400,-2.23,17246445,94.0000,96.9900,93.4200
2026/06/23,95.9400,2.9300,+3.15,32559715,95.1400,97.5000,94.6100
2026/06/22,93.0100,2.0300,-2.14,24940905,93.3000,97.4400,91.4800
2026/06/18,95.0400,0.4400,-0.46,36337231,95.3100,96.2413,92.4500
2026/06/17,95.4800,5.8500,-5.77,32165614,100.6800,102.8900,95.0900
2026/06/16,101.3300,2.8200,-2.71,17198406,102.9000,105.6644,101.2000
2026/06/15,104.1500,2.0000,+1.96,23017970,104.8000,107.1800,103.3500
2026/06/12,102.1500,0.9300,-0.90,26049350,103.3800,103.4500,98.4200
2026/06/11,103.0800,2.9800,-2.81,28321516,103.0250,105.1200,101.3300
2026/06/10,106.0600,0.9100,-0.85,20052679,105.2800,109.7950,104.7300
2026/06/09,106.9700,7.2200,-6.32,35824771,110.3100,112.3900,103.0800
2026/06/08,114.1900,1.7400,+1.55,19737744,111.6850,115.3600,111.2000
2026/06/05,112.4500,6.9100,-5.79,31452022,119.1900,121.2000,111.5620
2026/06/04,119.3600,1.4600,+1.24,28143982,121.9400,124.8000,119.3600
2026/06/03,117.9000,9.7500,-7.64,34316415,127.9900,128.0786,117.3400
2026/06/02,127.6500,8.2100,-6.04,41371643,129.9000,132.7399,124.1200
2026/06/01,135.8600,11.4900,+9.24,68788965,135.7700,139.2000,131.6100
2026/05/29,124.3700,15.6400,+14.38,68243445,118.4800,124.7400,116.2900
2026/05/28,108.7300,6.6100,+6.47,39117684,107.0000,110.1600,104.6000
2026/05/27,102.1200,2.2000,+2.20,28633258,99.2100,105.4000,98.5500
2026/05/26,99.9200,2.2100,-2.16,23589915,100.5550,102.5400,98.7200
2026/05/22,102.1300,2.4400,+2.45,23646295,102.1800,104.5900,99.4328
2026/05/21,99.6900,3.6100,-3.49,26474043,100.9900,101.5900,98.1100
2026/05/20,103.3000,1.4700,+1.44,30037715,100.7500,103.3500,97.5000
2026/05/19,101.8300,1.5900,-1.54,55624414,110.1400,110.8300,100.7723
2026/05/18,103.4200,8.3500,+8.78,51220734,98.8600,104.6800,97.8500
2026/05/15,95.0700,4.5700,+5.05,34569746,92.0900,96.6700,91.9700
2026/05/14,90.5000,3.4500,+3.96,25571514,87.3200,92.0000,85.4400
2026/05/13,87.0500,1.9500,-2.19,22107022,88.5800,88.5800,86.0104
2026/05/12,89.0000,2.4900,-2.72,22354585,92.4650,92.7700,88.6850
2026/05/11,91.4900,0.3100,+0.34,21402857,91.0400,94.7500,90.4700
2026/05/08,91.1800,2.4100,-2.58,24699020,91.1300,91.8500,88.9900
2026/05/07,93.5900,4.5400,+5.10,27960738,92.1700,95.5600,91.8900
2026/05/06,89.0500,2.9600,-3.22,23117901,91.6000,91.6800,88.2100
2026/05/05,92.0100,0.0400,+0.04,22756773,92.2500,92.8877,89.1400
2026/05/04,91.9700,0.8100,+0.89,21863487,91.2700,95.6200,91.1000
2026/05/01,91.1600,2.8500,+3.23,22911831,90.9300,92.6049,87.8700
2026/04/30,88.3100,0.5800,-0.65,22152196,87.9500,88.7100,85.8800
2026/04/29,88.8900,1.6000,-1.77,18646580,89.0600,89.3000,87.1000
2026/04/28,90.4900,0.0400,+0.04,20990419,91.1000,93.0000,90.1335
2026/04/27,90.4500,0.2800,+0.31,32789128,89.0600,94.0300,87.8100
2026/04/24,90.1700,5.3900,+6.36,39011787,85.7800,90.3900,84.9300
2026/04/23,84.7800,18.2900,-17.75,84103053,87.2500,90.0200,83.5800
2026/04/22,103.0700,2.9300,+2.93,35714825,101.5000,104.3100,101.0300
2026/04/21,100.1400,0.4200,+0.42,24147878,100.3500,104.5000,99.0600
2026/04/20,99.7200,3.0600,+3.17,20306567,97.4400,100.6697,96.8100
2026/04/17,96.6600,0.2200,+0.23,17754618,97.9500,98.8248,96.1300
2026/04/16,96.4400,2.2500,+2.39,21971842,97.6100,99.3889,95.3720
2026/04/15,94.1900,6.4000,+7.29,25835933,90.1950,94.8300,89.2000
2026/04/14,87.7900,1.2700,-1.43,25132668,90.7400,92.4000,87.1150
2026/04/13,89.0600,6.0600,+7.30,31675449,84.7700,89.2400,84.1806
2026/04/10,83.0000,6.8100,-7.58,58715602,88.9100,88.9100,81.2400
2026/04/09,89.8100,7.6600,-7.86,42131524,96.5000,97.1600,88.6611
2026/04/08,97.4700,3.0800,-3.06,19796897,104.7600,105.5800,96.9600
2026/04/07,100.5500,1.8700,-1.83,12008228,102.7700,103.9600,99.5000
2026/04/06,102.4200,0.4200,+0.41,9141302,102.9650,103.3300,100.4000
2026/04/02,102.0000,2.0400,-1.96,16629939,101.7900,103.4100,98.4550
2026/04/01,104.0400,0.5100,-0.49,12439653,105.2300,105.9000,102.0100
2026/03/31,104.5500,0.4200,-0.40,16821305,105.5400,106.5800,104.0600
2026/03/30,104.9700,5.5600,+5.59,18685639,100.0600,105.9900,99.5000
2026/03/27,99.4100,4.2300,-4.08,18109916,102.6400,102.6700,98.3400
2026/03/26,103.6400,0.5800,+0.56,11595349,102.4200,105.8400,100.8800
2026/03/25,103.0600,1.5900,-1.52,14728636,106.5000,106.8800,101.1400
2026/03/24,104.6500,6.3000,-5.68,17835244,109.1400,109.2500,104.3200
2026/03/23,110.9500,0.5700,+0.52,12219082,110.7600,113.2500,109.8900
2026/03/20,110.3800,2.8900,-2.55,18863005,111.3000,112.1500,109.1200
2026/03/19,113.2700,0.4400,-0.39,11361578,114.1800,117.0900,111.9450
2026/03/18,113.7100,3.0100,-2.58,10080118,115.0000,117.4400,113.5300
2026/03/17,116.7200,1.8400,+1.60,13368492,115.4000,118.9900,114.2000
2026/03/16,114.8800,1.2600,+1.11,12289433,116.9000,117.2000,113.8000
2026/03/13,113.6200,0.6500,+0.58,14846421,112.8100,115.9099,111.7100
2026/03/12,112.9700,2.6600,-2.30,18372088,115.2800,117.2100,112.4200
2026/03/11,115.6300,0.9800,-0.84,14594932,117.4000,118.8300,113.6000
2026/03/10,116.6100,5.3200,-4.36,21872618,120.9900,121.4300,114.6600
2026/03/09,121.9300,2.4100,-1.94,20324655,123.0600,126.6700,121.2853
2026/03/06,124.3400,3.9600,+3.29,25972281,120.5000,124.6600,120.1750
2026/03/05,120.3800,6.5200,+5.73,26567952,114.7700,122.0800,114.1300
2026/03/04,113.8600,0.6700,+0.59,17432036,112.1100,115.2100,111.5000
2026/03/03,113.1900,3.7700,+3.45,17606052,108.0000,114.9200,107.5067
2026/03/02,109.4200,1.4100,+1.31,14780512,105.9800,111.0750,105.1000
2026/02/27,108.0100,1.2900,-1.18,19085185,105.0000,108.7000,104.0000
2026/02/26,109.3000,5.0700,+4.86,26565077,107.4500,110.1500,106.5701
2026/02/25,104.2300,1.7400,+1.70,15493136,101.6300,104.7300,100.1600
2026/02/24,102.4900,1.6900,+1.68,18461695,100.9600,105.7000,100.5100
2026/02/23,100.8000,3.4700,-3.33,24199956,101.9400,101.9400,99.1800
2026/02/20,104.2700,3.1000,-2.89,15700314,106.0000,107.8000,103.8200
2026/02/19,107.3700,0.4400,-0.41,13224743,108.0700,109.2200,106.1900
2026/02/18,107.8100,1.9000,+1.79,18138718,105.9300,108.2600,103.4000
2026/02/17,105.9100,1.1700,-1.09,27342961,109.5600,110.8500,103.8800
2026/02/13,107.0800,3.7900,+3.67,22771170,105.1500,107.6900,104.5900
2026/02/12,103.2900,2.7100,+2.69,27213071,101.9200,103.7100,99.2700
2026/02/11,100.5800,5.9000,-5.54,26075978,105.5800,105.9400,99.4200
2026/02/10,106.4800,2.6100,+2.51,21869554,104.9900,108.9800,104.9000
2026/02/09,103.8700,3.1300,+3.11,23127386,100.0000,104.2500,98.0000
2026/02/06,100.7400,1.8900,-1.84,34727047,101.6800,104.0000,98.9400
2026/02/05,102.6300,8.4400,-7.60,36178844,109.2600,112.0900,101.7250
2026/02/04,111.0700,1.3000,+1.18,36718099,107.1900,111.1500,105.2500
2026/02/03,109.7700,8.2300,-6.97,34729644,115.0200,115.8900,108.1000
2026/02/02,118.0000,0.9900,+0.85,18889053,118.8000,121.6700,116.3500
2026/01/30,117.0100,0.2800,+0.24,28053900,117.5400,118.8300,115.8900
2026/01/29,116.7300,12.8900,-9.94,55125067,118.5300,118.9600,113.1300
2026/01/28,129.6200,2.1800,-1.65,21254084,132.2700,133.6700,129.1400
2026/01/27,131.8000,4.5400,-3.33,11804175,135.8300,136.0300,130.8600
2026/01/26,136.3400,3.2300,+2.43,17489740,134.5500,136.6300,133.2700
2026/01/23,133.1100,4.5500,+3.54,16605381,128.6500,133.8500,128.2300
2026/01/22,128.5600,3.2600,+2.60,12944216,126.0000,128.7300,125.1000
2026/01/21,125.3000,0.1000,-0.08,16119611,128.0000,128.0100,123.7800
2026/01/20,125.4000,1.9100,-1.50,19712233,126.5700,128.7800,125.0300
2026/01/16,127.3100,3.8600,-2.94,20052358,129.7000,131.3500,126.8500
2026/01/15,131.1700,3.4400,-2.56,14582794,135.1500,136.2350,129.9300
2026/01/14,134.6100,3.5800,-2.59,15646945,137.3900,138.1900,132.6100
2026/01/13,138.1900,4.4500,-3.12,12898270,142.1400,144.7000,137.1800
2026/01/12,142.6400,0.8400,+0.59,9899964,141.6400,143.7650,141.1479
2026/01/09,141.8000,4.3900,-3.00,11845425,147.3500,147.3500,141.4300
2026/01/08,146.1900,4.7100,-3.12,7426050,149.9400,150.3000,146.1800
2026/01/07,150.9000,2.0900,+1.40,6195552,148.0000,152.1100,147.7512
2026/01/06,148.8100,1.2100,+0.82,6428186,147.4200,149.5700,146.7000
2026/01/05,147.6000,0.1500,+0.10,9854884,146.5100,149.8100,145.7900
2026/01/02,147.4500,5.7400,-3.75,9896627,153.0800,153.2000,145.6400
2025/12/31,153.1900,1.0400,-0.67,5256089,153.9900,154.5400,152.6800
2025/12/30,154.2300,0.3500,-0.23,5110624,153.8500,154.6900,153.2500
2025/12/29,154.5800,0.6900,+0.45,7157749,153.0700,155.6940,152.7900
2025/12/26,153.8900,1.3000,+0.85,5450461,152.5000,154.4800,152.2100
2025/12/24,152.5900,1.7700,-1.15,3896794,153.5000,153.9436,152.0100
2025/12/23,154.3600,2.3200,-1.48,12572497,155.5000,156.0900,151.6300
2025/12/22,156.6800,1.3700,+0.88,11120320,156.8600,157.1550,153.1500
2025/12/19,155.3100,1.9300,+1.26,25257483,152.9700,156.1600,152.5400
2025/12/18,153.3800,3.0980,-1.98,9644020,156.5100,157.7799,151.1500
2025/12/17,782.3900,1.2700,+0.16,2354891,785.0000,809.6600,781.4500
2025/12/16,781.1200,15.9200,+2.08,3334515,774.4700,786.0730,769.5700
2025/12/15,765.2000,99.8600,-11.54,5925825,798.0000,803.4000,760.5300
2025/12/12,865.0600,2.4300,-0.28,1499031,867.3900,874.6300,857.9100
2025/12/11,867.4900,13.9300,+1.63,1407748,853.0000,875.0000,851.1200
2025/12/10,853.5600,1.3500,-0.16,1692091,850.5700,861.6550,845.5500
2025/12/09,854.9100,1.3900,+0.16,979224,852.6100,861.0000,849.0000
2025/12/08,853.5200,0.8400,-0.10,1548216,854.2400,871.9750,850.4300
2025/12/05,854.3600,15.4900,+1.85,1294574,840.8300,861.5000,838.0100
2025/12/04,838.8700,5.9700,+0.72,1110040,841.0000,846.5000,830.6900
2025/12/03,832.9000,8.5200,+1.03,923946,822.0000,832.9800,813.4600
2025/12/02,824.3800,2.3100,+0.28,1310324,828.6200,833.4250,824.0000
2025/12/01,822.0700,9.6600,+1.19,1386845,801.6700,826.0700,799.0000
2025/11/28,812.4100,9.6900,+1.21,904070,808.0000,814.0000,805.0100
2025/11/26,802.7200,22.5900,-2.74,2007054,817.2500,822.0200,799.8400
2025/11/25,825.3100,9.4700,+1.16,1455988,812.3700,830.9000,811.0000
2025/11/24,815.8400,2.4100,+0.30,1789407,813.4000,819.4900,803.8056
2025/11/21,813.4300,12.9700,+1.62,1470782,802.3000,819.6100,795.0000
2025/11/20,800.4600,15.9900,-1.96,1619116,830.5000,831.6900,797.2800
2025/11/19,816.4500,1.5200,-0.19,1915368,816.6600,821.1400,807.5650
2025/11/18,817.9700,17.8200,-2.13,1528067,827.0800,834.9999,811.6050
2025/11/17,835.7900,14.6400,-1.72,1140150,846.9200,853.4800,828.2100
2025/11/14,850.4300,0.7400,+0.09,1183461,841.9900,865.3150,839.0460
2025/11/13,849.6900,14.3500,-1.66,1629406,852.3800,862.9995,843.9800
2025/11/12,864.0400,3.3700,+0.39,1520720,868.7100,870.0000,849.1700
2025/11/11,860.6700,5.6300,-0.65,1035365,863.4300,870.6500,859.3300
2025/11/10,866.3000,4.4300,+0.51,1409072,863.8600,868.6000,851.1700
2025/11/07,861.8700,3.1000,+0.36,1632498,851.3400,863.1000,840.5500
2025/11/06,858.7700,20.8600,-2.37,2046200,874.7500,879.0000,850.0100
2025/11/05,879.6300,7.9400,-0.89,1520752,891.6700,892.6200,872.3000
2025/11/04,887.5700,26.2700,-2.87,1944936,900.0000,908.6300,876.5500
2025/11/03,913.8400,5.4400,-0.59,1746565,922.1400,922.1400,886.0200
2025/10/31,919.2800,15.4000,-1.65,2374674,943.2100,947.6500,903.3200
2025/10/30,934.6800,22.9800,+2.52,3040640,926.7300,964.8299,896.9250
2025/10/29,911.7000,26.2100,-2.79,2686751,934.5400,934.5400,910.1000
2025/10/28,937.9100,8.3800,-0.89,944932,949.3100,951.0000,937.9100
2025/10/27,946.2900,16.1200,+1.73,1147021,944.0700,951.6900,937.0100
2025/10/24,930.1700,9.0000,-0.96,1071017,945.7500,950.0000,928.8800
2025/10/23,939.1700,3.5200,+0.38,844652,931.1900,944.5830,928.0000
2025/10/22,935.6500,5.8500,-0.62,1215046,941.7900,947.9999,927.9000
2025/10/21,941.5000,23.9500,+2.61,1260241,917.5000,944.4400,910.2800
2025/10/20,917.5500,13.9500,+1.54,1071723,906.6400,922.0200,906.3500
2025/10/17,903.6000,9.1100,+1.02,840091,890.0000,906.5300,887.9500
2025/10/16,894.4900,8.5600,-0.95,1078434,913.9700,929.0000,888.0700
2025/10/15,903.0500,8.2100,-0.90,763420,918.0000,922.1000,899.7000
2025/10/14,911.2600,12.4400,-1.35,879231,907.3500,924.2700,897.3650
2025/10/13,923.7000,34.9900,+3.94,1185334,897.0400,925.7600,892.6600
2025/10/10,888.7100,29.2400,-3.19,1403911,920.0000,928.0000,887.3050
2025/10/09,917.9500,3.6300,+0.40,1039390,903.9000,919.6500,893.7300
2025/10/08,914.3200,10.0800,+1.11,1090564,910.0000,920.3400,907.3300
2025/10/07,904.2400,8.6000,-0.94,1194891,914.0000,915.7950,893.3600
2025/10/06,912.8400,0.4800,+0.05,1288164,904.0200,929.7600,895.5400
2025/10/03,912.3600,2.2600,+0.25,1166652,913.6500,919.7000,908.3300
2025/10/02,910.1000,2.3300,-0.26,1512239,911.6700,915.0500,895.5400
2025/10/01,912.4300,7.8500,-0.85,1829942,920.9400,935.0000,892.2539
2025/09/30,920.2800,20.5700,-2.19,1415621,939.1000,941.6450,904.5000
2025/09/29,940.8500,4.8500,+0.52,1023198,942.0600,954.5600,939.2400
2025/09/26,936.0000,17.3900,+1.89,891574,919.6900,938.1400,916.7000
2025/09/25,918.6100,14.7600,-1.58,1188993,927.4500,928.1850,910.4600
2025/09/24,933.3700,5.7000,+0.61,2022269,962.6400,973.6300,931.1000
2025/09/23,927.6700,20.1100,-2.12,1407038,947.5600,950.5000,926.4500
2025/09/22,947.7800,13.3700,-1.39,1208006,953.8900,956.7500,930.9100
2025/09/19,961.1500,13.4100,+1.41,2807205,951.8500,965.7400,950.0000
2025/09/18,947.7400,2.6300,-0.28,1491089,956.5500,962.0350,940.5100
2025/09/17,950.3700,18.3600,+1.97,1284591,936.7500,953.7650,933.2500
2025/09/16,932.0100,15.4100,-1.63,1300476,940.7100,946.4350,928.4700
2025/09/15,947.4200,18.4600,+1.99,1546273,930.4500,956.1700,929.7300
2025/09/12,928.9600,9.3200,-0.99,711217,941.7300,941.8500,926.9300
2025/09/11,938.2800,14.7100,+1.59,1173242,927.7200,942.6700,923.6450
2025/09/10,923.5700,10.1000,-1.08,1648569,936.0000,944.9200,919.3300
2025/09/09,933.6700,5.6600,-0.60,1197612,945.0000,945.0000,927.8000
2025/09/08,939.3300,25.5300,+2.79,1636381,915.1400,944.8200,912.5550
2025/09/05,913.8000,15.2400,+1.70,1283851,904.1500,916.2000,901.3500
2025/09/04,898.5600,20.8200,-2.26,1703911,909.4800,910.2250,878.1900
2025/09/03,919.3800,7.9600,+0.87,1338113,908.9900,921.3400,894.5100
2025/09/02,911.4200,6.0400,-0.66,1247931,901.7700,914.2450,894.6360
2025/08/29,917.4600,11.1400,-1.20,1881991,929.2600,933.9900,909.7100
2025/08/28,928.6000,40.6200,+4.57,3043596,890.5000,935.7800,889.7400
2025/08/27,887.9800,23.3200,+2.70,1202236,871.6700,889.6100,868.2000
2025/08/26,864.6600,15.2800,-1.74,2683696,879.0000,880.0000,855.0800
2025/08/25,879.9400,6.8100,-0.77,861292,889.7050,890.1700,878.6900
2025/08/22,886.7500,9.7800,+1.12,1084386,878.3400,896.3800,873.0000
2025/08/21,876.9700,13.2800,-1.49,1126989,885.9300,888.3750,873.0700
2025/08/20,890.2500,3.4700,+0.39,1971910,884.2600,898.8900,880.0000
2025/08/19,886.7800,5.2700,-0.59,2184223,893.4000,900.9100,880.9573
2025/08/18,892.0500,24.8100,+2.86,2577385,866.4500,892.2400,865.3700
2025/08/15,867.2400,16.3800,+1.93,1758812,851.7700,867.9400,848.6200
2025/08/14,850.8600,12.4400,-1.44,1788268,856.1600,862.9800,846.3401
2025/08/13,863.3000,9.8700,+1.16,2453568,860.5700,864.4006,842.7000
2025/08/12,853.4300,2.9400,-0.34,2870399,857.8100,859.7300,840.0300
2025/08/11,856.3700,16.1400,-1.85,2369795,867.9200,879.9790,850.8950
2025/08/08,872.5100,1.6100,-0.18,1902819,878.3900,882.0000,862.1400
2025/08/07,874.1200,38.1900,-4.19,2798687,922.0000,922.8850,862.0000
2025/08/06,912.3100,7.1900,+0.79,1068562,911.6000,913.0500,902.8300
2025/08/05,905.1200,17.8800,-1.94,1448465,922.0000,925.5000,904.4500
2025/08/04,923.0000,8.6300,+0.94,1285510,918.5150,929.5847,915.2600
2025/08/01,914.3700,28.7500,-3.05,1811125,937.2900,937.2900,909.4850
2025/07/31,943.1200,34.3600,-3.52,2131904,982.0000,982.0000,940.0600
2025/07/30,977.4800,15.7200,-1.58,1094172,991.5900,993.0250,973.0000
2025/07/29,993.2000,7.4500,+0.76,1207739,991.5300,1005.7500,982.2800
2025/07/28,985.7500,16.9600,+1.75,1474801,976.0000,996.0400,975.9800
2025/07/25,968.7900,27.3900,-2.75,1999628,1000.1200,1001.0000,964.0813
2025/07/24,996.1800,39.7500,+4.16,4070052,1034.6600,1051.0000,982.0000
2025/07/23,956.4300,5.9400,-0.62,1984030,947.8600,966.8500,947.8600
2025/07/22,962.3700,2.4600,+0.26,1175737,963.7800,973.9600,956.8400
2025/07/21,959.9100,3.4900,-0.36,1112772,959.5300,969.0971,958.0000
2025/07/18,963.4000,4.2500,+0.44,1155758,958.0500,963.5150,949.7300
2025/07/17,959.1500,7.8200,-0.81,1275613,968.4900,975.0000,955.0000
2025/07/16,966.9700,10.0500,+1.05,985144,965.0600,969.0900,953.3800
2025/07/15,956.9200,4.8600,-0.51,1264275,965.2700,974.3400,956.0000
2025/07/14,961.7800,23.0000,+2.45,1812748,938.7000,964.3399,935.1400
2025/07/11,938.7800,29.3100,-3.03,2154733,960.0000,966.0000,934.1700
2025/07/10,968.0900,45.6200,-4.50,2004900,1013.7000,1013.7000,965.3100
2025/07/09,1013.7100,9.2700,-0.91,1153612,1024.5000,1028.0100,1009.0000
2025/07/08,1022.9800,12.0300,-1.16,1460195,1037.1800,1038.7700,1011.2500
2025/07/07,1035.0100,9.6800,-0.93,1133622,1043.2300,1049.0000,1027.6200
2025/07/03,1044.6900,34.9300,+3.46,1205886,1017.7300,1057.3899,1015.0000
2025/07/02,1009.7600,2.1300,-0.21,871727,1000.3700,1011.0350,992.0000
2025/07/01,1011.8900,16.1900,-1.57,1244261,1027.2600,1031.9400,994.7300
2025/06/30,1028.0800,5.6600,+0.55,1009309,1029.7400,1036.3700,1018.4472
2025/06/27,1022.4200,10.9800,+1.09,1514336,1012.7800,1033.0300,1012.0700
2025/06/26,1011.4400,6.2800,+0.62,1204424,1007.1800,1013.5600,994.5010
2025/06/25,1005.1600,8.8400,+0.89,1193736,998.2800,1014.0000,998.1500
2025/06/24,996.3200,15.9200,+1.62,1514018,990.0000,999.5000,985.0000
2025/06/23,980.4000,8.9900,+0.93,1099914,971.4100,981.3299,956.8277
2025/06/20,971.4100,10.6700,-1.09,2007708,985.5900,986.0050,965.4500
2025/06/18,982.0800,22.8300,-2.27,1209477,1004.4400,1007.0400,979.2001
2025/06/17,1004.9100,0.2200,-0.02,819977,1003.8500,1012.0000,999.3400
2025/06/16,1005.1300,16.4700,+1.67,1230880,992.0000,1016.9700,991.3800
2025/06/13,988.6600,18.7100,-1.86,1332459,998.0300,1001.0000,978.1850
2025/06/12,1007.3700,3.0400,+0.30,848179,1002.6000,1016.0400,1002.6000
2025/06/11,1004.3300,5.4600,-0.54,742823,1010.2400,1017.7200,1001.3950
2025/06/10,1009.7900,17.0700,-1.66,1189537,1021.1400,1026.8600,999.1200
2025/06/09,1026.8600,3.3500,-0.33,907750,1031.0000,1034.4799,1018.0600
2025/06/06,1030.2100,12.6100,+1.24,959723,1026.2300,1034.6000,1016.3400
2025/06/05,1017.6000,4.8600,+0.48,904334,1027.3100,1031.4400,1014.1700
2025/06/04,1012.7400,1.8600,+0.18,717918,1011.5600,1017.5500,1002.9600
2025/06/03,1010.8800,1.2300,-0.12,1023885,1011.8200,1016.2500,1005.5000
2025/06/02,1012.1100,1.0200,+0.10,1002594,1009.1400,1017.9450,1000.3000
2025/05/30,1011.0900,4.1400,-0.41,2663904,1020.0000,1020.0000,1002.5900
2025/05/29,1015.2300,6.0700,-0.59,1266245,1023.1700,1024.5825,1004.7000
2025/05/28,1021.3000,6.0900,-0.59,993273,1027.3900,1037.6699,1018.1750
2025/05/27,1027.3900,23.0200,+2.29,1102507,1013.6100,1029.8300,1012.9801
2025/05/23,1004.3700,11.4000,-1.12,1388129,1000.0000,1014.2900,994.5956
2025/05/22,1015.7700,1.0100,+0.10,856379,1014.7600,1027.4900,1011.7900
2025/05/21,1014.7600,7.0800,-0.69,1259600,1008.9000,1030.7400,1005.5800
2025/05/20,1021.8400,3.9100,-0.38,1075447,1015.0000,1024.6600,1013.3178
2025/05/19,1025.7500,14.4300,-1.39,2071522,1028.9450,1034.6900,1016.0500
2025/05/16,1040.1800,5.0000,+0.48,1160948,1038.3900,1043.7400,1033.1250
2025/05/15,1035.1800,8.3600,+0.81,988034,1034.4200,1040.6500,1021.9601
2025/05/14,1026.8200,9.9000,-0.95,1414587,1037.0000,1045.9999,1026.6500
2025/05/13,1036.7200,21.1200,+2.08,1483090,1023.0000,1039.9800,1017.0000
2025/05/12,1015.6000,35.5400,+3.63,1432105,1008.5200,1017.0000,995.6700
2025/05/09,980.0600,5.5700,+0.57,920067,980.0000,986.7800,971.6200
2025/05/08,974.4900,8.8000,-0.89,1468796,985.0000,992.0000,972.8064
2025/05/07,983.2900,18.0300,+1.87,1730324,971.2200,987.3099,967.2900
2025/05/06,965.2600,12.7900,-1.31,1280506,969.0400,978.6750,964.1850
2025/05/05,978.0500,0.6900,+0.07,1274167,973.0000,992.0000,971.3400
2025/05/02,977.3600,19.4100,+2.03,1669372,978.9200,985.5000,969.0601
2025/05/01,957.9500,2.9400,+0.31,1807708,973.8600,978.6199,957.5200
2025/04/30,955.0100,12.1500,+1.29,1947868,930.5600,957.6600,920.4000
2025/04/29,942.8600,5.4500,+0.58,1245641,940.0000,947.2278,930.5500
2025/04/28,937.4100,7.8500,-0.83,2052370,959.8500,961.0250,927.1300
2025/04/25,945.2600,6.6900,+0.71,2887783,944.0000,960.0000,929.1700
2025/04/24,938.5700,125.8700,+15.49,6083058,900.3100,943.9800,898.3300
2025/04/23,812.7000,45.8700,+5.98,3019221,821.0400,833.9646,807.0000
2025/04/22,766.8300,10.8400,+1.43,1582828,762.8000,776.6250,752.4400
2025/04/21,755.9900,16.1700,-2.09,1668684,759.3600,765.5450,742.4100
2025/04/17,772.1600,24.5000,-3.08,1803904,800.0600,800.0600,769.0200
2025/04/16,796.6600,19.8400,-2.43,1869466,804.6100,821.1700,790.7350
2025/04/15,816.5000,16.6800,+2.09,1735237,800.9600,824.9000,799.2100
2025/04/14,799.8200,14.1500,+1.80,1717301,802.2200,812.1300,786.8000
2025/04/11,785.6700,2.1800,+0.28,2102981,771.3100,786.8800,755.0000
2025/04/10,783.4900,42.4600,-5.14,2046435,807.0900,809.9900,761.0800
2025/04/09,825.9500,98.3500,+13.52,3092026,725.0000,831.6350,723.2000
2025/04/08,727.6000,7.9000,-1.07,2123217,768.0100,775.8800,713.1900
2025/04/07,735.5000,13.8500,+1.92,2878166,688.0000,758.6450,678.6588
2025/04/04,721.6500,52.4200,-6.77,2900381,756.3400,758.7700,718.4500
2025/04/03,774.0700,49.9600,-6.06,2087836,782.7500,788.0600,757.2500
2025/04/02,824.0300,12.4700,+1.54,1626420,794.6800,827.1600,794.6800
2025/04/01,811.5600,15.4200,+1.94,1543006,798.2200,812.9600,792.7265
2025/03/31,796.1400,1.6200,-0.20,2984478,781.5200,799.0000,757.8400
2025/03/28,797.7600,29.9800,-3.62,1758851,820.0000,821.0100,789.5330
2025/03/27,827.7400,10.8100,-1.29,1479981,835.0400,839.9450,822.1700
2025/03/26,838.5500,22.8300,-2.65,1349751,856.3400,860.5100,834.0300
2025/03/25,861.3800,11.6500,+1.37,1643177,858.2300,870.9900,855.0000
2025/03/24,849.7300,21.9800,+2.66,1599705,846.0000,853.4750,841.2150
2025/03/21,827.7500,3.6300,+0.44,2907341,816.1400,828.9000,808.8000
2025/03/20,824.1200,20.0000,-2.37,2592996,827.2400,828.2600,809.1800
2025/03/19,844.1200,14.1200,+1.70,1561830,835.7300,854.0000,830.0200
2025/03/18,830.0000,12.9300,-1.53,1768045,837.4300,837.4700,820.3500
2025/03/17,842.9300,1.4000,-0.17,1656750,839.0000,855.6800,835.0000
2025/03/14,844.3300,32.7100,+4.03,1853239,822.7600,849.0580,822.7600
2025/03/13,811.6200,31.5200,-3.74,1963561,830.0000,835.0000,805.9750
2025/03/12,843.1400,34.7400,+4.30,2741843,834.7900,849.2500,823.4265
2025/03/11,808.4000,24.5700,+3.13,2999056,800.0000,827.9800,794.0000
2025/03/10,783.8300,66.8000,-7.85,3898499,823.4000,832.0000,777.9100
2025/03/07,850.6300,16.4600,-1.90,2528469,856.5000,870.0000,832.7200
2025/03/06,867.0900,48.7000,-5.32,2164163,890.0000,907.9000,858.2500
2025/03/05,915.7900,9.7000,+1.07,1540617,905.0000,924.0000,898.3800
2025/03/04,906.0900,4.2200,-0.46,2459102,900.0000,917.3400,876.9430
2025/03/03,910.3100,19.4500,-2.09,1545908,936.0100,939.0000,902.6800
2025/02/28,929.7600,8.8000,+0.96,1567936,920.9700,929.9800,907.4500
2025/02/27,920.9600,21.0000,-2.23,1455077,948.1600,953.3500,919.6400
2025/02/26,941.9600,19.6700,+2.13,2002542,929.3000,952.6000,926.0000
2025/02/25,922.2900,5.2900,-0.57,2144338,923.7200,926.6400,898.2100
2025/02/24,927.5800,10.8300,-1.15,1692758,944.0400,944.5000,913.5300
2025/02/21,938.4100,29.5700,-3.05,2004213,964.7000,967.0000,933.0100
2025/02/20,967.9800,19.1600,-1.94,1351246,980.0800,980.5800,958.8700
2025/02/19,987.1400,10.3400,-1.04,1737540,997.3200,1002.8450,975.6700
2025/02/18,997.4800,10.8500,+1.10,1672692,988.0000,997.5400,974.0000
2025/02/14,986.6300,2.8500,-0.29,1503419,979.1000,989.0000,966.6000
2025/02/13,989.4800,7.0800,+0.72,1563426,982.4000,992.0000,970.4800
2025/02/12,982.4000,26.6500,-2.64,1677649,996.2500,998.4200,980.0000
2025/02/11,1009.0500,12.7600,-1.25,1015969,1015.0000,1021.3650,1003.9400
2025/02/10,1021.8100,13.5200,+1.34,1174857,1017.5500,1033.0951,1011.2501
2025/02/07,1008.2900,15.0100,-1.47,1387164,1025.0000,1042.3469,1003.9601
2025/02/06,1023.3000,3.7600,-0.37,1261689,1022.9200,1035.2800,1018.2901
2025/02/05,1027.0600,16.9300,+1.68,1339221,1015.3600,1028.8500,1012.0800
2025/02/04,1010.1300,10.8100,-1.06,1918817,1039.9100,1043.4500,998.3339
2025/02/03,1020.9400,2.5600,+0.25,2015959,1006.5000,1030.9950,998.0527
2025/01/31,1018.3800,5.6300,+0.56,2867304,1032.0100,1035.7500,1011.4200
2025/01/30,1012.7500,130.8800,-11.44,6207477,1027.1200,1031.0000,990.0000
2025/01/29,1143.6300,26.7600,-2.29,2619418,1160.9100,1170.3900,1135.2000
2025/01/28,1170.3900,29.7700,+2.61,2437685,1150.0000,1198.0900,1131.9700
2025/01/27,1140.6200,15.6400,+1.39,2241278,1117.4150,1165.9800,1111.0001
2025/01/24,1124.9800,9.2200,-0.81,917742,1141.1200,1145.0000,1118.8101
2025/01/23,1134.2000,9.0300,+0.80,1073942,1117.6500,1134.2000,1114.7484
2025/01/22,1125.1700,28.3200,+2.58,1636837,1115.0000,1130.7000,1110.8600
2025/01/21,1096.8500,25.3700,+2.37,1439442,1088.7200,1104.8699,1086.2250
2025/01/17,1071.4800,14.3200,+1.35,1081924,1072.5800,1080.0000,1062.0000
2025/01/16,1057.1600,3.0300,+0.29,632874,1058.5400,1064.7500,1052.5800
2025/01/15,1054.1300,22.8400,+2.21,1287453,1053.3100,1059.5600,1040.9801
2025/01/14,1031.2900,15.5500,+1.53,1272291,1034.4000,1037.0600,1020.5900
2025/01/13,1015.7400,8.8300,-0.86,1712591,1011.1300,1020.1500,999.1300
2025/01/10,1024.5700,24.5100,-2.34,1577456,1039.1300,1041.5300,1016.7500
2025/01/08,1049.0800,5.0700,-0.48,1422036,1061.8800,1063.0000,1042.3000
2025/01/07,1054.1500,22.9000,-2.13,1133440,1074.1000,1085.0000,1044.4700
2025/01/06,1077.0500,3.2800,+0.31,850949,1083.9700,1084.5500,1068.5850
2025/01/03,1073.7700,19.4300,+1.84,898694,1059.3000,1074.1400,1056.7200
2025/01/02,1054.3400,5.7800,-0.55,1028706,1073.5200,1073.7100,1041.0000
2024/12/31,1060.1200,7.5800,-0.71,841117,1073.5000,1073.5000,1052.9300
2024/12/30,1067.7000,13.7600,-1.27,720112,1065.9700,1073.5800,1055.2300
2024/12/27,1081.4600,17.6500,-1.61,1016924,1092.0000,1094.5700,1062.0000
2024/12/26,1099.1100,6.4500,-0.58,436892,1100.0000,1106.0800,1093.6000
2024/12/24,1105.5600,17.3000,+1.59,418689,1097.0800,1106.5500,1090.0000
2024/12/23,1088.2600,2.9900,-0.27,787010,1086.0000,1092.0000,1073.7700
2024/12/20,1091.2500,16.3800,+1.52,2025965,1060.0000,1102.8700,1055.0001
2024/12/19,1074.8700,13.8800,+1.31,1971841,1070.2400,1080.8200,1062.5200
2024/12/18,1060.9900,53.7300,-4.82,1588516,1117.4900,1118.8550,1056.9900
2024/12/17,1114.7200,15.2100,-1.35,1223077,1130.0000,1132.3400,1110.6700
2024/12/16,1129.9300,8.8300,+0.79,1186509,1117.8000,1134.5250,1110.0001
2024/12/13,1121.1000,27.3200,-2.38,1347291,1130.0000,1141.7600,1114.6001
2024/12/12,1148.4200,1.2400,+0.11,687371,1140.9400,1154.6800,1137.0000
2024/12/11,1147.1800,19.3400,+1.71,1245070,1136.0400,1157.9000,1136.0400
2024/12/10,1127.8400,7.3600,+0.66,1599460,1114.0200,1147.3699,1114.0200
2024/12/09,1120.4800,3.8600,-0.34,1223391,1124.2000,1134.0200,1105.7100
2024/12/06,1124.3400,0.6200,+0.06,904425,1135.6200,1136.9999,1120.0000
2024/12/05,1123.7200,0.5900,+0.05,1075479,1115.1000,1130.6000,1113.1101
2024/12/04,1123.1300,65.8100,+6.22,2063004,1083.6700,1126.6298,1080.0000
2024/12/03,1057.3200,8.8900,+0.85,1284190,1040.0900,1057.6500,1036.9100
2024/12/02,1048.4300,1.0100,-0.10,1056991,1048.4000,1055.3200,1045.4900
2024/11/29,1049.4400,8.0400,+0.77,583092,1042.3500,1052.0000,1038.3700
2024/11/27,1041.4000,28.6700,-2.68,977141,1063.6850,1065.2000,1038.4100
2024/11/26,1070.0700,17.3600,+1.65,744411,1060.0000,1072.8400,1054.4800
2024/11/25,1052.7100,7.8900,-0.74,1930596,1064.6000,1068.8800,1049.1500
2024/11/22,1060.6000,13.5500,+1.29,1437259,1051.0000,1064.5900,1050.0000
2024/11/21,1047.0500,24.0700,+2.35,1111297,1033.6300,1053.2600,1030.9885
2024/11/20,1022.9800,0.8800,+0.09,1141936,1028.0000,1031.6900,1006.3100
2024/11/19,1022.1000,16.7600,+1.67,1830185,997.6700,1025.8293,993.4200
2024/11/18,1005.3400,6.0500,-0.60,1751526,1016.5400,1021.1750,1003.7500
2024/11/15,1011.3900,28.4100,-2.73,1498472,1023.9700,1029.7250,1003.0100
2024/11/14,1039.8000,5.7500,-0.55,1157710,1049.0000,1054.0000,1032.0000
2024/11/13,1045.5500,2.7400,-0.26,1313732,1048.2900,1061.6550,1043.5000
2024/11/12,1048.2900,12.2800,+1.19,1291717,1030.7750,1053.2599,1027.1200
2024/11/11,1036.0100,27.9300,+2.77,1307052,1013.0000,1038.0000,1013.0000
2024/11/08,1008.0800,7.2000,-0.71,1094976,1010.9400,1019.9600,1005.0200
2024/11/07,1015.2800,20.8000,+2.09,1260829,996.8000,1024.4399,995.0000
2024/11/06,994.4800,23.4400,+2.41,1246584,994.0000,997.0300,982.1000
2024/11/05,971.0400,16.4500,+1.72,826955,961.4600,973.8600,958.3300
2024/11/04,954.5900,11.1800,+1.19,948362,944.0300,960.3700,941.6000
2024/11/01,943.4100,10.4200,+1.12,985688,937.3600,951.1599,930.5500
2024/10/31,932.9900,17.0100,-1.79,1333336,940.8000,954.3598,928.3518
2024/10/30,950.0000,3.0800,-0.32,950818,951.0300,963.5000,949.4800
2024/10/29,953.0800,8.0800,+0.86,1641133,950.0000,957.8200,939.4346
2024/10/28,945.0000,5.8500,-0.62,1238498,959.0100,960.0000,945.0000
2024/10/25,950.8500,5.7300,-0.60,1494753,957.2600,964.9350,947.1700
2024/10/24,956.5800,48.9000,+5.39,3400982,948.3900,979.7800,940.4100
2024/10/23,907.6800,10.2700,-1.12,1849859,916.4650,920.1100,901.3700
2024/10/22,917.9500,0.3900,-0.04,1144250,916.4900,924.4000,914.3600
2024/10/21,918.3400,3.4100,-0.37,1417168,902.0000,918.6300,899.7721
2024/10/18,921.7500,4.6300,+0.50,1422660,921.0000,928.1600,917.1200
2024/10/17,917.1200,1.7500,-0.19,715522,932.7800,933.1000,915.1088
2024/10/16,918.8700,9.0900,-0.98,1011192,924.9600,927.0000,912.0300
2024/10/15,927.9600,16.7300,-1.77,1081586,945.2800,947.2500,926.6650
2024/10/14,944.6900,6.1000,+0.65,567366,947.3900,949.5937,935.9100
2024/10/11,938.5900,6.0400,-0.64,854087,942.8200,946.7700,937.0900
2024/10/10,944.6300,5.9800,+0.64,1110467,933.2100,949.0000,932.9300
2024/10/09,938.6500,16.6500,+1.81,1132427,921.9600,943.4000,915.9600
2024/10/08,922.0000,16.0600,+1.77,1180769,925.9700,943.0000,919.2705
2024/10/07,905.9400,11.7400,-1.28,1123636,919.1200,922.5500,899.9300
2024/10/04,917.6800,27.0400,+3.04,1183626,899.7900,918.2900,896.3850
2024/10/03,890.6400,10.2300,+1.16,1193758,878.0000,892.2100,877.1200
2024/10/02,880.4100,13.2300,+1.53,933207,869.0000,884.5850,863.2400
2024/10/01,867.1800,27.2100,-3.04,1313083,898.5900,898.5900,866.6300
2024/09/30,894.3900,12.6000,+1.43,843880,879.2600,894.8000,876.2200
2024/09/27,881.7900,3.0700,-0.35,906696,884.0400,886.1850,876.3720
2024/09/26,884.8600,5.1700,-0.58,1599516,893.6500,894.2200,871.4300
2024/09/25,890.0300,33.5700,-3.63,2288811,898.4700,901.0000,886.5100
2024/09/24,923.6000,1.9500,-0.21,1001256,925.5500,926.9150,907.4900
2024/09/23,925.5500,11.8100,-1.26,1212995,936.8800,945.4600,922.9200
2024/09/20,937.3600,18.1100,+1.97,3609403,920.4200,940.1200,917.3100
2024/09/19,919.2500,28.8600,+3.24,1484312,908.0000,921.9700,902.8600
2024/09/18,890.3900,4.5600,+0.51,981167,887.7600,899.7100,882.3000
2024/09/17,885.8300,6.6300,-0.74,1033882,890.6500,899.6082,882.8000
2024/09/16,892.4600,13.5100,+1.54,1082274,885.0000,897.9900,879.7300
2024/09/13,878.9500,7.1800,-0.81,913049,881.7700,884.5000,872.8801
2024/09/12,886.1300,10.1700,+1.16,941870,880.0300,889.5200,871.2800
2024/09/11,875.9600,15.8100,+1.84,1002449,858.2700,877.6200,841.8501
2024/09/10,860.1500,4.5700,+0.53,883931,860.7100,866.4499,847.4900
2024/09/09,855.5800,30.5400,+3.70,1129125,833.4900,856.9500,826.9700
2024/09/06,825.0400,10.3600,-1.24,1070842,839.0100,848.4200,818.9800
2024/09/05,835.4000,0.5700,+0.07,789138,826.6500,840.3600,825.0500
2024/09/04,834.8300,1.0300,-0.12,709110,829.7200,836.4000,821.2400
2024/09/03,835.8600,19.1400,-2.24,1261504,856.4000,863.8500,830.8701
2024/08/30,855.0000,23.7300,+2.85,1920980,836.7600,857.2500,835.8400
2024/08/29,831.2700,17.1600,+2.11,1245610,822.3000,849.0000,822.3000
2024/08/28,814.1100,17.6300,-2.12,864574,831.6900,832.6800,808.9601
2024/08/27,831.7400,3.8800,+0.47,481503,823.1700,835.7053,823.1700
2024/08/26,827.8600,0.4100,-0.05,536300,829.6800,836.7599,825.4900
2024/08/23,828.2700,7.3400,+0.89,702052,830.0000,834.5000,815.0000
2024/08/22,820.9300,18.2500,-2.17,706633,840.0000,842.5500,819.5200
2024/08/21,839.1800,0.9600,+0.11,609872,833.5300,840.4200,830.0000
2024/08/20,838.2200,5.3400,+0.64,784794,835.0000,843.2575,832.0800
2024/08/19,832.8800,5.3200,+0.64,641512,825.9200,833.7200,821.1850
2024/08/16,827.5600,4.5500,-0.55,835507,829.2500,831.0350,823.8500
2024/08/15,832.1100,13.0900,+1.60,1165748,825.0000,835.0000,823.6800
2024/08/14,819.0200,0.2200,+0.03,833147,822.0000,827.0450,815.5000
2024/08/13,818.8000,12.1800,+1.51,765765,812.0000,822.8700,810.6000
2024/08/12,806.6200,4.4600,-0.55,539575,811.0800,814.8290,800.0700
2024/08/09,811.0800,14.9400,+1.88,799546,796.1400,816.0148,796.1400
2024/08/08,796.1400,19.8600,+2.56,1449104,792.0000,802.7000,786.7700
2024/08/07,776.2800,16.6700,-2.10,1062412,805.6400,816.5400,774.9344
2024/08/06,792.9500,11.6800,+1.50,1545801,787.0000,814.2850,781.2800
2024/08/05,781.2700,9.3700,-1.19,2019701,757.0400,790.9500,746.1000
2024/08/02,790.6400,20.7400,-2.56,1568867,790.8600,793.1300,765.4600
2024/08/01,811.3800,3.0100,-0.37,1338275,818.8600,838.5900,802.1200
2024/07/31,814.3900,15.5900,+1.95,1313705,816.1600,821.4575,805.0000
2024/07/30,798.8000,0.2600,-0.03,1191058,805.7400,805.7400,784.5900
2024/07/29,799.0600,28.5500,-3.45,1977472,829.0000,830.5000,798.5500
2024/07/26,827.6100,1.1800,-0.14,2410057,825.8500,846.8600,818.0700
2024/07/25,828.7900,97.9200,+13.40,6549768,789.3300,850.3300,783.0400
2024/07/24,730.8700,34.6500,-4.53,2094706,755.0000,757.4800,729.2300
2024/07/23,765.5200,9.0200,+1.19,1007283,763.4700,775.9700,760.6600
2024/07/22,756.5000,5.3000,+0.71,1051562,754.8100,764.4400,753.7749
2024/07/19,751.2000,12.4300,+1.68,1187234,744.6900,755.8800,738.0000
2024/07/18,738.7700,2.7000,+0.37,1518000,738.3400,750.5800,730.0950
2024/07/17,736.0700,24.7200,-3.25,1455662,740.0000,746.3700,730.2000
2024/07/16,760.7900,7.0600,-0.92,996711,767.8500,770.0400,754.5100
2024/07/15,767.8500,9.3600,+1.23,911088,766.9500,776.4800,759.2500
2024/07/12,758.4900,9.3500,+1.25,909518,749.0000,762.6000,744.0000
2024/07/11,749.1400,5.9900,+0.81,1281599,746.0000,756.5000,741.3300
2024/07/10,743.1500,0.8600,-0.12,1498780,740.5600,743.3800,731.5500
2024/07/09,744.0100,22.1900,-2.90,2434819,750.9600,760.0200,737.0100
2024/07/08,766.2000,40.2700,-4.99,2121332,763.5000,776.6500,761.4400
2024/07/05,806.4700,20.5500,+2.61,1193423,788.4200,806.5200,785.9200
2024/07/03,785.9200,8.1900,-1.03,577464,793.6700,795.9500,785.1900
2024/07/02,794.1100,5.1500,+0.65,875835,784.9800,794.1500,781.6200
2024/07/01,788.9600,2.2900,+0.29,1121477,784.0000,790.4800,770.7800
2024/06/28,786.6700,12.5400,+1.62,1721786,775.4300,789.9700,770.8800
2024/06/27,774.1300,20.2200,+2.68,1181421,758.2100,780.0000,756.6700
2024/06/26,753.9100,0.9000,-0.12,986067,754.0000,761.3700,750.7900
2024/06/25,754.8100,15.2200,+2.06,1036283,745.0000,756.4100,742.3800
2024/06/24,739.5900,9.7400,-1.30,1214053,742.0000,748.1800,737.6900
2024/06/21,749.3300,15.0200,+2.05,1764477,739.9400,750.5400,733.6200
2024/06/20,734.3100,4.1400,+0.57,1184178,742.0000,742.2600,729.4150
2024/06/18,730.1700,4.6700,+0.64,1186383,722.8600,734.5200,720.7675
2024/06/17,725.5000,3.0800,-0.42,1074942,723.4200,729.3300,719.0450
2024/06/14,728.5800,18.8200,+2.65,958030,715.6000,730.5000,715.6000
2024/06/13,709.7600,11.7400,-1.63,1119314,722.0000,727.8200,709.1700
2024/06/12,721.5000,9.4600,+1.33,1296125,722.2600,729.5000,720.8300
2024/06/11,712.0400,2.8900,+0.41,1060982,711.7300,719.0000,706.8700
2024/06/10,709.1500,10.3400,+1.48,930760,697.3200,710.6400,693.5600
2024/06/07,698.8100,4.3500,-0.62,1122703,700.5100,703.9900,688.5100
2024/06/06,703.1600,0.9500,-0.13,1410875,706.2300,712.3600,699.7300
2024/06/05,704.1100,32.1100,+4.78,2797948,683.4500,705.7200,676.1900
2024/06/04,672.0000,11.8900,+1.80,2491160,658.6000,674.6000,656.0200
2024/06/03,660.1100,3.1800,+0.48,1907702,659.8000,664.3680,645.4500
2024/05/31,656.9300,13.6400,+2.12,4301832,651.7900,657.5400,637.9900
2024/05/30,643.2900,87.8300,-12.01,5098243,690.9900,692.5700,640.1701
2024/05/29,731.1200,2.2600,+0.31,877651,722.0000,737.8550,721.4400
2024/05/28,728.8600,9.6500,-1.31,1547435,738.8800,738.9750,718.3100
2024/05/24,738.5100,19.6400,-2.59,1357098,749.3600,749.7199,736.3700
2024/05/23,758.1500,12.6800,-1.64,861517,781.6800,781.6800,756.0300
2024/05/22,770.8300,6.2200,-0.80,845703,780.0000,784.3300,769.4700
2024/05/21,777.0500,2.8700,+0.37,784234,775.0000,777.9300,763.9100
2024/05/20,774.1800,9.1300,+1.19,734758,763.5300,774.8400,762.2350
2024/05/17,765.0500,7.0400,+0.93,887753,765.0000,765.9750,757.5400
2024/05/16,758.0100,2.5600,-0.34,1094294,763.4500,769.1099,757.4200
2024/05/15,760.5700,38.9500,+5.40,1506092,730.0000,761.3100,727.5600
2024/05/14,721.6200,8.5000,-1.16,1099157,730.0000,737.0000,717.7700
2024/05/13,730.1200,0.3300,+0.05,869972,732.8500,732.8500,722.9500
2024/05/10,729.7900,6.8500,+0.95,820949,725.0000,733.5500,725.0000
2024/05/09,722.9400,1.9100,+0.26,1050278,720.5800,729.0000,717.9917
2024/05/08,721.0300,7.7000,+1.08,1147949,716.3500,721.9500,714.7650
2024/05/07,713.3300,13.2300,-1.82,1552654,730.0000,730.0000,699.5500
2024/05/06,726.5600,9.9100,+1.38,1190895,719.9900,726.6400,718.4100
2024/05/03,716.6500,20.9300,+3.01,1437055,709.9800,724.6500,705.0000
2024/05/02,695.7200,10.1100,+1.47,1159165,693.0000,696.0700,685.0000
2024/05/01,685.6100,7.7200,-1.11,1333399,693.7100,700.7000,683.8850
2024/04/30,693.3300,27.8300,-3.86,1995467,716.6500,717.4650,692.1900
2024/04/29,721.1600,2.3900,-0.33,802646,723.2600,728.3000,713.5200
2024/04/26,723.5500,7.3000,+1.02,1445884,723.7600,734.7100,719.8450
2024/04/25,716.2500,30.0400,-4.03,3386529,714.8900,717.0300,689.0000
2024/04/24,746.2900,5.3400,+0.72,1705638,753.9700,757.2500,739.1300
2024/04/23,740.9500,19.0000,+2.63,1164909,727.2000,743.6700,727.2000
2024/04/22,721.9500,8.0400,+1.13,1464323,723.2500,724.9900,710.6200
2024/04/19,713.9100,17.4500,-2.39,1540609,725.0000,726.0300,708.5339
2024/04/18,731.3600,5.0900,-0.69,788946,736.9000,739.8900,727.3500
2024/04/17,736.4500,8.3300,-1.12,721665,746.7800,748.9900,734.9500
2024/04/16,744.7800,8.9700,+1.22,1085831,738.0000,749.0000,735.3400
2024/04/15,735.8100,32.9000,-4.28,1171567,769.0000,771.6300,735.4600
2024/04/12,768.7100,2.6300,-0.34,960000,762.2000,774.9600,760.9454
2024/04/11,771.3400,2.1500,+0.28,748312,770.0000,775.9832,761.4000
2024/04/10,769.1900,13.0300,-1.67,860842,769.0000,774.9450,764.1001
2024/04/09,782.2200,3.3800,-0.43,790569,793.2700,795.4400,771.5300
2024/04/08,785.6000,2.1000,+0.27,999171,783.3400,789.9900,772.4100
2024/04/05,783.5000,25.9500,+3.43,1286436,758.4300,791.8800,758.4300
2024/04/04,757.5500,1.6100,-0.21,1022246,768.4000,782.2500,757.4200
2024/04/03,759.1600,2.1600,+0.29,564242,752.5000,764.6963,751.5000
2024/04/02,757.0000,11.3700,-1.48,769141,755.0900,759.6600,748.2300
2024/04/01,768.3700,5.9700,+0.78,716383,763.9900,773.0899,759.0700
2024/03/28,762.4000,3.4000,+0.45,1083701,759.6500,768.7600,755.7500
2024/03/27,759.0000,19.5700,-2.51,1401511,783.8300,786.3300,753.5000
2024/03/26,778.5700,3.9300,+0.51,910076,778.9900,788.8000,776.5100
2024/03/25,774.6400,0.4900,+0.06,720836,768.0500,775.9100,759.2600
2024/03/22,774.1500,0.9700,+0.13,885256,774.7400,779.8900,769.3200
2024/03/21,773.1800,5.6200,+0.73,1262716,780.0000,785.8800,771.5800
2024/03/20,767.5600,10.6200,+1.40,703525,760.6200,768.1800,755.0500
2024/03/19,756.9400,1.1400,+0.15,1224449,750.0000,758.3200,742.7989
2024/03/18,755.8000,11.8900,+1.60,944747,750.0000,759.6900,748.1200
2024/03/15,743.9100,35.5800,-4.56,2539129,761.5600,762.0000,736.0000
2024/03/14,779.4900,2.6100,+0.34,886115,788.1300,790.0000,773.1201
2024/03/13,776.8800,12.6800,-1.61,1225381,795.0600,807.7725,775.0000
2024/03/12,789.5600,32.8200,+4.34,1530337,764.3200,793.0000,762.9800
2024/03/11,756.7400,0.9400,-0.12,912058,752.0000,759.2000,744.4800
2024/03/08,757.6800,10.4000,-1.35,1026916,769.1000,777.5699,750.2300
2024/03/07,768.0800,27.0200,+3.65,1586930,748.4700,768.9300,735.2700
2024/03/06,741.0600,0.9100,+0.12,1346972,750.5100,752.3900,732.6500
2024/03/05,740.1500,35.9400,-4.63,1957479,766.2300,767.2150,730.1500
2024/03/04,776.0900,2.4600,+0.32,986650,773.0000,777.8800,764.7350
2024/03/01,773.6300,2.2900,+0.30,912577,772.0000,778.3023,768.3722
2024/02/29,771.3400,11.5500,+1.52,1486153,767.0500,773.3200,762.9800
2024/02/28,759.7900,7.3500,-0.96,1266687,763.5100,763.7300,754.0000
2024/02/27,767.1400,12.5200,-1.61,1413997,782.2600,783.9900,756.9600
2024/02/26,779.6600,8.6900,+1.13,1120813,774.6900,790.5900,774.5000
2024/02/23,770.9700,1.7600,+0.23,1297364,775.3500,784.9700,766.5800
2024/02/22,769.2100,21.2700,+2.84,2146182,775.0000,791.8700,767.6300
2024/02/21,747.9400,4.9000,-0.65,877186,736.9900,748.5800,730.5200
2024/02/20,752.8400,12.1600,-1.59,1485501,753.0800,759.2800,737.7400
2024/02/16,765.0000,15.0000,-1.92,1141749,774.2700,779.5000,764.6700
2024/02/15,780.0000,12.0000,-1.52,1056562,795.0000,798.4450,779.8700
2024/02/14,792.0000,18.2400,+2.36,774125,785.0000,792.2800,776.2900
2024/02/13,773.7600,13.5900,-1.73,1785878,765.0000,780.4800,750.2300
2024/02/12,787.3500,25.5900,-3.15,1241204,814.1000,815.0000,782.8500
2024/02/09,812.9400,13.5300,+1.69,909664,802.3500,815.3200,802.3500
2024/02/08,799.4100,9.0200,+1.14,893043,792.0000,800.3000,790.8400
2024/02/07,790.3900,12.9400,+1.66,911720,782.8100,793.4700,782.6032
2024/02/06,777.4500,7.3900,-0.94,1097834,788.8800,789.1000,765.8822
2024/02/05,784.8400,3.5400,+0.45,1080535,782.0000,786.4500,771.1200
2024/02/02,781.3000,10.3000,+1.34,974791,773.9700,787.0000,772.1001
2024/02/01,771.0000,5.6000,+0.73,886342,769.0900,772.9251,764.0550
2024/01/31,765.4000,20.3300,-2.59,1364388,777.8900,777.8900,757.5300
2024/01/30,785.7300,1.5100,-0.19,1081212,787.3300,789.9150,778.9600
2024/01/29,787.2400,17.8000,+2.31,1330572,769.3200,788.0457,768.9950
2024/01/26,769.4400,2.7500,+0.36,1799864,767.1000,783.8299,764.5200
2024/01/25,766.6900,3.2700,+0.43,3127557,780.0000,783.8800,757.2900
2024/01/24,763.4200,10.0000,+1.33,2817061,770.9000,775.9600,761.2738
2024/01/23,753.4200,0.9700,+0.13,1144622,752.1500,754.3700,743.0500
2024/01/22,752.4500,3.3400,+0.45,1625003,760.1900,766.8100,752.0600
2024/01/19,749.1100,3.1500,+0.42,1358013,750.4400,753.1600,744.8150
2024/01/18,745.9600,18.4200,+2.53,1298176,742.4200,747.4750,735.4700
2024/01/17,727.5400,0.0200,-0,673965,726.0000,728.9900,714.3100
2024/01/16,727.5600,1.6200,-0.22,935227,730.0000,734.0000,725.0100
2024/01/12,729.1800,2.7200,+0.37,832922,724.8000,731.0000,718.7600
2024/01/11,726.4600,12.1600,+1.70,1230738,722.5600,734.3000,718.4100
2024/01/10,714.3000,15.6300,+2.24,1011932,707.5000,716.9200,701.2500
2024/01/09,698.6700,2.4100,+0.35,984114,693.8600,701.1975,691.0031
2024/01/08,696.2600,20.1000,+2.97,1198165,684.2400,697.8200,682.4601
2024/01/05,676.1600,4.2900,+0.64,723641,672.1300,680.7800,672.1300
2024/01/04,671.8700,3.4300,-0.51,914469,674.7700,679.1900,671.2200
2024/01/03,675.3000,12.2200,-1.78,883137,675.7600,687.4350,674.0300
2024/01/02,687.5200,18.9700,-2.69,1130930,697.0500,699.3600,675.4300
2023/12/29,706.4900,4.0300,+0.57,925672,707.0000,711.5900,700.5600
2023/12/28,702.4600,1.3000,-0.18,502221,706.6400,707.5338,701.3250
2023/12/27,703.7600,2.5300,+0.36,389654,701.3100,704.5100,699.1000
2023/12/26,701.2300,3.6800,+0.53,463975,700.1700,704.5600,698.7100
2023/12/22,697.5500,3.2100,-0.46,492989,703.8500,703.8500,694.4200
2023/12/21,700.7600,6.9600,+1.00,787176,700.7500,703.5500,690.9650
2023/12/20,693.8000,13.9100,-1.97,941086,704.0700,707.8600,693.6000
2023/12/19,707.7100,3.9900,+0.57,905288,705.7000,708.4900,700.0000
2023/12/18,703.7200,5.4800,+0.78,1123325,702.0200,709.3000,695.9396
2023/12/15,698.2400,17.8500,+2.62,2182700,675.2600,699.8100,674.0200
2023/12/14,680.3900,35.2500,-4.93,3023173,710.0000,712.1000,678.0000
2023/12/13,715.6400,0.8400,-0.12,1211651,717.0000,720.6800,710.0500
2023/12/12,716.4800,11.3600,+1.61,903652,705.1200,717.8700,704.4800
2023/12/11,705.1200,6.0400,+0.86,1058693,699.1100,708.8700,698.2000
2023/12/08,699.0800,11.4000,+1.66,1083831,689.4500,701.1100,688.5600
2023/12/07,687.6800,1.4500,+0.21,651337,685.6000,689.2500,680.2968
2023/12/06,686.2300,1.9900,-0.29,800956,690.0000,695.3945,685.7300
2023/12/05,688.2200,0.6000,+0.09,914962,679.4300,689.6350,677.2400
2023/12/04,687.6200,3.1700,-0.46,1166075,684.0000,693.9900,680.7101
2023/12/01,690.7900,5.0500,+0.74,1453346,685.4500,694.7650,683.2842
2023/11/30,685.7400,6.8100,+1.00,1832999,682.0000,688.8900,678.8200
2023/11/29,678.9300,13.6900,+2.06,1465302,671.0000,682.2900,671.0000
2023/11/28,665.2400,5.3100,-0.79,1520611,667.6300,672.6000,661.3900
2023/11/27,670.5500,3.3500,-0.50,1010001,672.0000,677.6050,669.5700
2023/11/24,673.9000,4.2400,+0.63,450013,670.5300,674.4700,668.8000
2023/11/22,669.6600,1.2600,+0.19,888291,672.6800,678.0300,667.2750
2023/11/21,668.4000,1.4800,+0.22,926370,664.7600,670.6400,661.5100
2023/11/20,666.9200,12.5600,+1.92,1079864,654.0000,668.5400,652.5850
2023/11/17,654.3600,2.0800,+0.32,792869,651.9500,654.6800,648.2900
2023/11/16,652.2800,1.3800,+0.21,1047658,650.0000,656.7950,648.0300
2023/11/15,650.9000,3.2700,-0.50,1233464,654.4700,659.9400,648.9650
2023/11/14,654.1700,15.7600,+2.47,1351211,647.4800,656.8400,646.5000
2023/11/13,638.4100,3.6500,+0.58,996675,633.7800,639.7550,632.2500
2023/11/10,634.7600,15.0000,+2.42,1023834,619.7600,636.4300,615.5400
2023/11/09,619.7600,5.5700,-0.89,1215209,625.1000,632.4900,619.3200
2023/11/08,625.3300,11.4200,+1.86,1702336,616.0800,626.1900,616.0000
2023/11/07,613.9100,4.6600,+0.76,1657869,610.3750,625.8700,610.3750
2023/11/06,609.2500,2.4900,+0.41,884923,608.5000,610.9800,602.4500
2023/11/03,606.7600,7.3300,+1.22,1478424,600.5800,611.7900,592.4800
2023/11/02,599.4300,5.9500,+1.00,1758388,601.2100,610.8700,598.4000
2023/11/01,593.4800,11.6300,+2.00,1769422,581.0000,595.0900,580.4400
2023/10/31,581.8500,13.3100,+2.34,1615484,570.8700,584.8400,564.9000
2023/10/30,568.5400,14.5300,+2.62,1448163,559.6000,572.1700,558.0900
2023/10/27,554.0100,3.0600,+0.56,1755767,556.4600,564.0000,548.4400
2023/10/26,550.9500,20.7800,+3.92,3547953,560.0000,579.0000,548.8600
2023/10/25,530.1700,24.2200,-4.37,2008904,549.3700,552.0999,527.2400
2023/10/24,554.3900,13.0100,+2.40,1327124,545.7100,556.9400,544.2600
2023/10/23,541.3800,1.1300,-0.21,943120,537.0000,545.3400,530.5400
2023/10/20,542.5100,17.4700,-3.12,1418591,556.6000,557.4200,536.1700
2023/10/19,559.9800,9.3000,+1.69,1073089,558.4400,568.4050,556.6300
2023/10/18,550.6800,17.7900,-3.13,872252,562.8000,568.0000,549.8600
2023/10/17,568.4700,16.8400,+3.05,1397296,549.6600,574.2500,548.8000
2023/10/16,551.6300,1.9700,+0.36,831548,549.6600,557.7000,546.5000
2023/10/13,549.6600,10.4900,-1.87,777471,558.7600,563.7900,549.0600
2023/10/12,560.1500,1.4800,+0.26,824624,560.7600,569.8900,554.5000
2023/10/11,558.6700,0.3700,+0.07,878842,560.0000,565.2000,551.6400
2023/10/10,558.3000,6.1300,-1.09,1408259,556.0600,564.6850,547.0000
2023/10/09,564.4300,3.7100,+0.66,808197,554.8900,565.6500,553.4500
2023/10/06,560.7200,13.5500,+2.48,1181670,542.8900,565.5800,539.0200
2023/10/05,547.1700,1.4700,-0.27,662929,544.8300,548.5050,536.0500
2023/10/04,548.6400,7.4000,+1.37,705138,544.5800,550.5700,541.6400
2023/10/03,541.2400,13.9900,-2.52,1372150,552.0000,556.3511,536.9100
2023/10/02,555.2300,3.7300,-0.67,993975,554.7500,560.1700,549.7850
2023/09/29,558.9600,5.4400,+0.98,1337197,560.8700,566.1746,558.5100
2023/09/28,553.5200,7.1400,+1.31,1158074,534.0100,556.1500,528.0000
2023/09/27,546.3800,1.7500,+0.32,1016247,549.5600,551.7800,540.4000
2023/09/26,544.6300,14.8500,-2.65,1509371,553.5600,554.7500,538.6300
2023/09/25,559.4800,5.3900,+0.97,801469,552.6200,559.6400,551.3000
2023/09/22,554.0900,4.5600,+0.83,1107297,551.7800,558.9250,550.6050
2023/09/21,549.5300,21.0200,-3.68,1071373,563.1200,564.9000,549.0200
2023/09/20,570.5500,1.7800,-0.31,777096,575.0000,583.4400,569.7700
2023/09/19,572.3300,6.1800,-1.07,829677,579.3500,579.3500,566.5500
2023/09/18,578.5100,1.0700,-0.18,661051,577.2400,584.4000,576.6700
2023/09/15,579.5800,10.5300,-1.78,1710387,588.5800,589.3000,576.5000
2023/09/14,590.1100,1.2700,-0.21,668164,593.4500,594.9800,585.4200
2023/09/13,591.3800,2.5400,+0.43,638761,586.0500,592.8400,583.5500
2023/09/12,588.8400,17.1000,-2.82,929496,598.0000,603.5075,588.6900
2023/09/11,605.9400,5.8700,+0.98,960486,603.5000,607.9000,600.7900
2023/09/08,600.0700,0.7500,+0.13,728857,600.0000,604.5800,597.1000
2023/09/07,599.3200,0.8100,+0.14,1040009,591.2700,601.4722,589.3560
2023/09/06,598.5100,1.3500,+0.23,668953,593.1400,599.3800,591.6100
2023/09/05,597.1600,6.2800,+1.06,718490,590.8800,599.6300,584.5000
2023/09/01,590.8800,2.0500,+0.35,726795,593.5100,596.6175,587.5000
2023/08/31,588.8300,0.5900,+0.10,1331385,590.0000,596.4600,584.5100
2023/08/30,588.2400,9.3700,+1.62,855742,578.4200,588.7000,576.5600
2023/08/29,578.8700,10.5600,+1.86,784209,565.1600,580.9000,563.0000
2023/08/28,568.3100,4.6600,+0.83,588109,566.6200,572.0000,562.3401
2023/08/25,563.6500,14.1100,+2.57,680414,554.4400,567.0700,551.4000
2023/08/24,549.5400,18.4600,-3.25,911391,574.6000,575.8700,549.4700
2023/08/23,568.0000,6.1800,+1.10,1138026,564.4700,576.9700,562.0000
2023/08/22,561.8200,7.1200,+1.28,889755,559.6200,564.2500,556.3000
2023/08/21,554.7000,13.2000,+2.44,847526,542.8600,555.3100,542.5500
2023/08/18,541.5000,2.1400,-0.39,837792,533.9600,543.4000,532.5400
2023/08/17,543.6400,5.8600,-1.07,990269,550.4500,552.0500,540.7100
2023/08/16,549.5000,10.1000,-1.80,989324,557.0000,560.9799,548.2700
2023/08/15,559.6000,6.6100,-1.17,830659,567.4900,573.9800,558.4662
2023/08/14,566.2100,8.7700,+1.57,771114,551.9350,566.7500,550.7600
2023/08/11,557.4400,2.4400,+0.44,801882,550.7700,558.5700,550.0100
2023/08/10,555.0000,4.6700,+0.85,1129564,557.8300,566.0700,550.1400
2023/08/09,550.3300,2.5000,-0.45,939373,551.5200,555.0000,545.1000
2023/08/08,552.8300,2.0600,-0.37,1085193,546.9900,553.7600,541.7500
2023/08/07,554.8900,3.2600,+0.59,1227226,555.3600,556.9100,549.0600
2023/08/04,551.6300,8.7700,-1.56,1634501,564.4000,564.9800,550.0100
2023/08/03,560.4000,2.7700,-0.49,864238,557.9700,562.5100,556.0000
2023/08/02,563.1700,27.2200,-4.61,1746530,579.8900,582.8600,561.0500
2023/08/01,590.3900,7.3900,+1.27,1104895,578.2400,591.5000,575.2100
2023/07/31,583.0000,13.4600,+2.36,1670772,573.8200,583.6494,573.0000
2023/07/28,569.5400,9.6500,+1.72,2042877,567.5400,569.6800,559.3700
2023/07/27,559.8900,17.3800,-3.01,3074358,598.0000,600.6600,556.7101
2023/07/26,577.2700,5.1100,-0.88,1825096,573.9200,585.0900,571.2100
2023/07/25,582.3800,4.3400,+0.75,1079092,579.0000,587.6400,579.0000
2023/07/24,578.0400,3.9800,-0.68,975518,586.5000,587.2150,576.0550
2023/07/21,582.0200,3.1400,+0.54,810005,590.6500,593.0100,581.0000
2023/07/20,578.8800,24.3700,-4.04,1551161,597.6200,600.8800,575.7800
2023/07/19,603.2500,6.1200,+1.02,1737171,610.9000,614.3599,599.5401
2023/07/18,597.1300,4.7500,+0.80,1264021,589.8100,602.0000,583.9200
2023/07/17,592.3800,12.0000,+2.07,1043388,582.6700,594.9900,582.0000
2023/07/14,580.3800,2.9300,+0.51,916484,577.0000,584.2625,576.0000
2023/07/13,577.4500,16.1100,+2.87,1314148,566.6200,579.4400,565.0000
2023/07/12,561.3400,0.1000,-0.02,1168175,570.8600,570.8600,557.2400
2023/07/11,561.4400,4.1600,-0.74,1134340,567.2100,571.2650,557.5350
2023/07/10,565.6000,12.6200,+2.28,1177132,553.0000,565.8500,553.0000
2023/07/07,552.9800,2.8500,-0.51,856061,555.2800,563.2999,552.7800
2023/07/06,555.8300,9.9300,-1.76,1019347,557.0000,560.5250,548.4300
2023/07/05,565.7600,2.8900,+0.51,1116204,556.4000,567.2250,556.1600
2023/07/03,562.8700,0.9000,+0.16,473358,560.8500,564.5600,555.9400
2023/06/30,561.9700,13.8900,+2.53,1325890,555.7900,566.6300,554.0300
2023/06/29,548.0800,0.5900,-0.11,710327,549.9700,550.7400,542.6800
2023/06/28,548.6700,8.7100,+1.61,961152,538.9300,549.1800,537.3000
2023/06/27,539.9600,1.9900,+0.37,854083,541.1400,545.0800,535.0100
2023/06/26,537.9700,5.0200,-0.92,966567,541.3300,551.1300,536.6400
2023/06/23,542.9900,6.8800,-1.25,1368519,541.2300,551.6400,536.8800
2023/06/22,549.8700,3.0700,+0.56,1238191,543.2200,550.2300,539.0100
2023/06/21,546.8000,12.6900,-2.27,1129228,557.7900,559.6500,545.5900
2023/06/20,559.4900,5.9900,-1.06,1118747,558.3000,569.6300,555.4400
2023/06/16,565.4800,8.8900,-1.55,2088553,574.3700,574.6500,564.9500
2023/06/15,574.3700,7.0600,+1.24,1319142,563.0500,576.6800,562.1100
2023/06/14,567.3100,12.5900,+2.27,1283655,554.9500,567.9800,554.0000
2023/06/13,554.7200,8.3700,+1.53,1345402,556.0000,559.5900,549.2700
2023/06/12,546.3500,12.3200,+2.31,1295900,539.0200,546.9000,532.1300
2023/06/09,534.0300,1.3100,-0.24,1370013,538.2400,545.0000,531.5400
2023/06/08,535.3400,7.0200,+1.33,1458708,529.5900,541.4482,526.1100
2023/06/07,528.3200,27.4800,-4.94,2406593,555.5500,557.8200,527.2400
2023/06/06,555.8000,0.9100,-0.16,1388164,556.5000,563.6300,555.1800
2023/06/05,556.7100,8.5300,+1.56,1316189,548.0800,559.8600,542.3700
2023/06/02,548.1800,5.2200,+0.96,1278199,546.0000,554.4400,541.2800
2023/06/01,542.9600,1.8200,-0.33,1479807,534.8000,550.6200,532.0200
2023/05/31,544.7800,4.3400,-0.79,2385776,539.3300,548.2600,533.7950
2023/05/30,549.1200,11.6600,+2.17,1937338,548.0000,556.5800,544.3700
2023/05/26,537.4600,5.6800,+1.07,2134611,534.6400,549.5600,531.8100
2023/05/25,531.7800,29.2300,+5.82,3163304,523.2900,539.8000,517.8000
2023/05/24,502.5500,2.4100,+0.48,1098990,496.7200,506.2600,494.1300
2023/05/23,500.1400,11.2500,-2.20,1124140,507.5000,511.7800,499.8500
2023/05/22,511.3900,1.0900,+0.21,1360939,506.6000,517.0900,506.1700
2023/05/19,510.3000,0.1300,+0.03,1702249,510.0000,511.7300,502.7500
2023/05/18,510.1700,17.2500,+3.50,2860078,500.0000,512.6100,495.8150
2023/05/17,492.9200,24.6800,+5.27,3217594,479.4900,494.9400,477.1600
2023/05/16,468.2400,5.1000,+1.10,1628499,462.9000,478.0000,461.7700
2023/05/15,463.1400,7.9400,+1.74,1501227,453.3000,464.6500,452.2350
2023/05/12,455.2000,2.6300,+0.58,1221260,453.0000,457.4729,446.6494
2023/05/11,452.5700,1.5700,-0.35,2018807,453.9900,455.4600,447.4500
2023/05/10,454.1400,12.7500,+2.89,1537752,449.1800,459.9900,446.2501
2023/05/09,441.3900,2.4000,+0.55,1171646,437.2200,445.8400,435.0700
2023/05/08,438.9900,4.1900,+0.96,1446644,436.9000,439.5700,429.0500
2023/05/05,434.8000,4.2900,+1.00,1302807,433.0000,439.6700,431.5500
2023/05/04,430.5100,6.5700,-1.50,1658810,439.0600,442.5400,428.9700
2023/05/03,437.0800,6.6000,-1.49,1192000,443.5300,446.9000,436.4500
2023/05/02,443.6800,6.7300,-1.49,1284314,450.5300,451.0000,439.3900
2023/05/01,450.4100,9.0100,-1.96,1424271,456.3100,456.3100,449.3000
2023/04/28,459.4200,5.0800,+1.12,2360323,454.2400,461.6800,449.2000
2023/04/27,454.3400,0.3100,+0.07,4855322,440.2300,458.6500,427.6800
2023/04/26,454.0300,11.7500,+2.66,2891124,450.0000,454.5000,445.8800
2023/04/25,442.2800,30.7200,-6.49,2058579,466.7500,468.2499,441.9800
2023/04/24,473.0000,0.3100,-0.07,1223655,474.0000,476.6000,465.2500
2023/04/21,473.3100,5.6200,+1.20,1092083,470.1900,474.1600,465.1100
2023/04/20,467.6900,7.9000,-1.66,1038705,473.3200,473.7800,465.4000
2023/04/19,475.5900,0.4000,-0.08,1018571,475.0000,478.3500,473.1700
2023/04/18,475.9900,5.4400,+1.16,1181166,478.1300,478.1300,470.0100
2023/04/17,470.5500,7.5200,+1.62,1070931,465.0100,471.6900,463.5700
2023/04/14,463.0300,20.4700,-4.23,3075216,466.7800,469.8200,454.6871
2023/04/13,483.5000,12.0700,+2.56,1600195,475.3200,485.5800,472.9500
2023/04/12,471.4300,1.6100,+0.34,1622495,474.5900,480.8300,469.4750
2023/04/11,469.8200,2.8200,-0.60,977903,466.0100,473.8900,464.3300
2023/04/10,472.6400,0.4900,-0.10,1242760,466.1500,473.0300,456.3750
2023/04/06,473.1300,5.8000,+1.24,1691546,463.9500,473.6500,457.4600
2023/04/05,467.3300,8.7200,-1.83,1345811,475.7500,476.0000,460.2900
2023/04/04,476.0500,11.5600,+2.49,2247230,475.4400,482.3300,472.3800
2023/04/03,464.4900,0.2300,-0.05,1358561,461.5300,465.8900,457.4100
2023/03/31,464.7200,25.0900,+5.71,2454005,443.1000,465.4050,441.6200
2023/03/30,439.6300,1.1900,+0.27,1078797,443.5400,443.8400,438.0800
2023/03/29,438.4400,9.3600,+2.18,1304536,433.5500,438.9900,431.2900
2023/03/28,429.0800,2.2300,-0.52,1089117,429.0200,431.9100,427.0100
2023/03/27,431.3100,1.5900,-0.37,935255,433.5000,437.7401,430.1300
2023/03/24,432.9000,7.5700,-1.72,922868,438.8300,439.2199,427.1101
2023/03/23,440.4700,6.9600,+1.61,1165451,440.4700,451.9737,437.6650
2023/03/22,433.5100,11.9500,-2.68,931550,447.1800,448.7600,433.4700
2023/03/21,445.4600,10.3100,+2.37,1282051,436.1000,447.8700,436.1000
2023/03/20,435.1500,5.8500,-1.33,1379119,438.0400,439.4900,425.8500
2023/03/17,441.0000,1.3900,-0.31,2917494,443.6500,443.6600,434.6000
2023/03/16,442.3900,20.1300,+4.77,2075107,422.8400,442.9000,421.5000
2023/03/15,422.2600,2.2800,-0.54,1186814,418.7200,422.6700,414.8000
2023/03/14,424.5400,9.6100,+2.32,1136423,422.8000,425.9799,416.9300
2023/03/13,414.9300,0.1500,-0.04,1684725,412.9500,425.9300,405.3720
2023/03/10,415.0800,13.4200,-3.13,1884198,428.0000,429.2300,409.3100
2023/03/09,428.5000,18.4700,-4.13,1469350,444.2300,450.8000,428.0912
2023/03/08,446.9700,2.1600,+0.49,817792,444.3300,450.5200,441.5000
2023/03/07,444.8100,1.2100,-0.27,1215196,445.6000,454.5400,443.7600
2023/03/06,446.0200,2.0400,+0.46,1094103,445.5000,454.8900,444.3700
2023/03/03,443.9800,7.9400,+1.82,991528,439.8200,445.3825,439.1300
2023/03/02,436.0400,7.1000,+1.66,1156728,428.7100,436.4200,425.5800
2023/03/01,428.9400,3.2300,-0.75,917461,431.9400,435.4200,426.0400
2023/02/28,432.1700,3.6000,+0.84,1468830,425.6600,434.2200,425.6600
2023/02/27,428.5700,2.9800,+0.70,1482052,431.2400,437.6400,427.6600
2023/02/24,425.5900,16.1200,-3.65,1086006,432.3200,434.5800,423.7600
2023/02/23,441.7100,1.8700,+0.43,946777,440.4100,442.7800,433.7800
2023/02/22,439.8400,7.9800,+1.85,1237335,437.6500,447.0700,435.2900
2023/02/21,431.8600,7.1500,-1.63,1098722,431.8200,437.1000,428.5500
2023/02/17,439.0100,14.6800,-3.24,1964080,450.0000,452.9700,434.3900
2023/02/16,453.6900,10.2200,-2.20,1150473,450.0000,460.9900,449.2585
2023/02/15,463.9100,2.5600,+0.55,1056476,458.9800,464.5000,456.5200
2023/02/14,461.3500,0.3100,+0.07,977857,456.6400,469.4800,455.6000
2023/02/13,461.0400,2.6800,+0.58,1178354,459.2800,463.8000,452.0200
2023/02/10,458.3600,4.9400,-1.07,1655672,458.6100,460.9900,454.3700
2023/02/09,463.3000,0.6800,-0.15,1522851,470.2500,474.4300,461.0600
2023/02/08,463.9800,0.7200,+0.16,1565942,464.5900,472.2199,460.9700
2023/02/07,463.2600,8.0400,+1.77,1342622,454.8300,466.2400,450.5100
2023/02/06,455.2200,17.0000,-3.60,2459724,455.5100,465.1700,452.7500
2023/02/03,472.2200,19.0500,-3.88,1715179,478.1300,484.7000,468.9000
2023/02/02,491.2700,17.4600,+3.69,2299735,484.8000,494.6200,479.4600
2023/02/01,473.8100,18.6800,+4.10,2261490,456.1900,477.5100,453.2600
2023/01/31,455.1300,12.5600,+2.84,2036167,444.5200,455.3900,442.3100
2023/01/30,442.5700,16.2900,-3.55,2319174,451.9900,453.1809,440.1200
2023/01/27,458.8600,4.2100,-0.91,2351339,457.4800,467.1300,451.6500
2023/01/26,463.0700,14.3000,+3.19,6350938,461.8600,477.7300,444.6600
2023/01/25,448.7700,5.3600,+1.21,3448080,428.7400,449.2900,427.2800
2023/01/24,443.4100,0.9700,+0.22,1415399,446.0000,446.0000,437.0000
2023/01/23,442.4400,0.6100,+0.14,1806276,441.0000,450.7765,436.7750
2023/01/20,441.8300,13.4000,+3.13,1522678,429.2000,443.2400,428.5800
2023/01/19,428.4300,12.2300,+2.94,2678895,416.0200,434.2658,415.3000
2023/01/18,416.2000,2.0400,-0.49,1726658,420.7900,431.5000,414.6400
2023/01/17,418.2400,3.3500,+0.81,1348730,415.0000,419.4200,407.9500
2023/01/13,414.8900,1.6300,+0.39,1118193,408.6700,417.3500,408.0554
2023/01/12,413.2600,19.4800,+4.95,2314011,409.8300,420.8400,395.8450
2023/01/11,393.7800,12.9400,+3.40,1258404,384.8200,393.9200,383.2100
2023/01/10,380.8400,2.2800,+0.60,1064555,374.3700,383.7700,374.3700
2023/01/09,378.5600,12.0300,+3.28,2087814,373.8800,392.9900,373.1900
2023/01/06,366.5300,0.2100,+0.06,2676728,371.5900,371.5900,353.6200
2023/01/05,366.3200,27.5300,-6.99,1790044,388.4500,389.7000,365.2500
2023/01/04,393.8500,8.3500,+2.17,1405017,390.9500,397.0600,384.7400
2023/01/03,385.5000,2.7700,-0.71,1088076,395.0800,398.6500,380.6500
2022/12/30,388.2700,1.5800,-0.41,699340,383.8000,389.6650,382.2900
2022/12/29,389.8500,13.8000,+3.67,920479,380.9500,392.1200,379.0100
2022/12/28,376.0500,4.5900,-1.21,772170,380.4300,385.6200,372.7400
2022/12/27,380.6400,1.2200,-0.32,829088,380.1500,383.8300,374.1100
2022/12/23,381.8600,1.9200,+0.51,856741,375.0000,381.9000,371.4700
2022/12/22,379.9400,11.9700,-3.05,1283062,383.9700,386.7700,373.6500
2022/12/21,391.9100,5.4400,+1.41,963254,387.1300,395.3600,381.1500
2022/12/20,386.4700,4.1700,+1.09,954779,376.5000,388.3700,375.8200
2022/12/19,382.3000,12.0700,-3.06,1396754,394.3000,397.9900,381.0100
2022/12/16,394.3700,6.2700,-1.56,1872700,399.8300,404.3600,392.1400
2022/12/15,400.6400,17.7500,-4.24,1162382,408.2500,413.8700,399.7100
2022/12/14,418.3900,2.2200,+0.53,1495707,416.5100,429.2300,411.5500
2022/12/13,416.1700,14.5300,+3.62,1945103,424.4300,432.1700,410.1000
2022/12/12,401.6400,8.0600,+2.05,1475879,395.5600,407.0600,394.7100
2022/12/09,393.5800,2.6500,-0.67,838515,394.0700,403.2700,393.0500
2022/12/08,396.2300,7.7100,+1.98,1032387,392.0900,398.0400,385.2197
2022/12/07,388.5200,0.6300,-0.16,1012277,389.2700,395.7999,385.0450
2022/12/06,389.1500,3.1100,-0.79,1473611,392.2400,394.8200,381.5600
2022/12/05,392.2600,20.6100,-4.99,1716755,406.0000,409.8700,385.1700
2022/12/02,412.8700,12.7300,-2.99,1244925,417.2300,421.6000,409.7300
2022/12/01,425.6000,9.3000,+2.23,1779982,416.1600,431.4200,414.7200
2022/11/30,416.3000,19.4500,+4.90,2088230,394.1100,417.2700,393.0100
2022/11/29,396.8500,5.0800,-1.26,1019629,400.8700,402.1700,394.6800
2022/11/28,401.9300,5.2800,-1.30,1046535,403.9400,406.2200,397.4750
2022/11/25,407.2100,2.1600,-0.53,401410,406.6800,409.6100,403.9800
2022/11/23,409.3700,9.0900,+2.27,1041047,399.8400,410.6000,396.7500
2022/11/22,400.2800,12.9000,+3.33,1375613,389.4900,401.9300,384.0500
2022/11/21,387.3800,12.0000,-3.00,1335186,394.2000,395.9700,382.5000
2022/11/18,399.3800,1.2000,-0.30,1205256,407.9100,410.0000,394.2814
2022/11/17,400.5800,11.6200,-2.82,1525593,402.8500,408.7700,397.8500
2022/11/16,412.2000,7.2800,-1.74,1168477,415.4000,417.4950,405.4200
2022/11/15,419.4800,19.0800,+4.77,1847760,414.2100,425.3900,414.2100
2022/11/14,400.4000,9.5100,-2.32,1558947,401.5100,406.6000,391.2200
2022/11/11,409.9100,5.8500,+1.45,2144263,406.9900,424.4600,404.7200
2022/11/10,404.0600,42.7900,+11.84,2913666,393.2600,410.5500,390.6400
2022/11/09,361.2700,9.8700,-2.66,1152798,365.0000,368.8275,361.2000
2022/11/08,371.1400,7.9400,+2.19,1572309,365.0000,375.2900,359.1000
2022/11/07,363.2000,1.4500,+0.40,1718398,365.0000,365.0750,351.2500
2022/11/04,361.7500,23.8100,-6.18,2838317,388.5100,389.9300,354.1800
2022/11/03,385.5600,7.1200,-1.81,1379118,390.6200,395.6200,384.8600
2022/11/02,392.6800,25.8800,-6.18,1772629,419.3300,419.3300,392.3400
2022/11/01,418.5600,2.1800,-0.52,1359853,427.0800,430.2400,416.6000
2022/10/31,420.7400,0.3400,+0.08,1898529,418.0000,428.2300,414.9100
2022/10/28,420.4000,4.7300,+1.14,3122188,416.2300,421.4400,403.7700
2022/10/27,415.6700,49.2600,+13.44,5625786,426.9600,427.6300,408.6101
2022/10/26,366.4100,10.2500,-2.72,3614985,353.8000,382.5799,351.0000
2022/10/25,376.6600,10.1000,+2.76,2132543,368.5800,377.5000,365.0000
2022/10/24,366.5600,5.8900,+1.63,1665748,368.0000,370.9000,359.2500
2022/10/21,360.6700,4.4100,+1.24,1451269,353.3100,361.6350,347.2900
2022/10/20,356.2600,0.8200,+0.23,1655653,356.1300,366.4699,351.0400
2022/10/19,355.4400,1.3500,-0.38,1384318,350.7100,359.8600,350.5150
2022/10/18,356.7900,8.1800,+2.35,2099360,362.3400,367.4700,351.0500
2022/10/17,348.6100,6.8500,+2.00,2571587,351.4300,358.8800,347.5100
2022/10/14,341.7600,20.1400,-5.57,3201999,366.0200,366.8500,340.9000
2022/10/13,361.9000,7.2300,-1.96,2740356,347.7500,366.5700,337.0000
2022/10/12,369.1300,2.1700,-0.58,1836890,372.4900,376.3100,365.9350
2022/10/11,371.3000,10.4800,-2.75,2042848,381.6500,381.7231,366.8800
2022/10/10,381.7800,19.4300,-4.84,1790313,401.3900,402.2050,377.1500
2022/10/07,401.2100,17.2200,-4.12,1235518,410.0000,412.4300,398.9600
2022/10/06,418.4300,2.1500,-0.51,1743557,422.1200,433.3900,416.5400
2022/10/05,420.5800,9.0300,+2.19,1771780,402.7500,425.7500,402.0100
2022/10/04,411.5500,19.8400,+5.06,1978915,402.1300,413.6600,400.8300
2022/10/03,391.7100,14.1000,+3.73,2327674,380.0800,394.0150,374.7300
2022/09/30,377.6100,7.8900,-2.05,1825698,385.0000,396.0800,377.1800
2022/09/29,385.5000,3.3500,-0.86,1497583,382.8800,386.3100,377.7400
2022/09/28,388.8500,9.9000,+2.61,1538755,378.4400,390.3900,376.4200
2022/09/27,378.9500,8.8500,+2.39,2094384,376.7600,379.3000,371.2000
2022/09/26,370.1000,6.9400,-1.84,2377363,376.4800,382.6100,367.7100
2022/09/23,377.0400,9.9300,-2.57,2212177,382.9300,387.3300,374.3600
2022/09/22,386.9700,14.4600,-3.60,2418050,399.8700,404.4600,386.7000
2022/09/21,401.4300,9.7700,-2.38,2521923,415.1900,418.9400,401.3900
2022/09/20,411.2000,13.8500,-3.26,1658301,421.5000,421.5000,411.0100
2022/09/19,425.0500,0.7500,-0.18,885603,422.8000,426.5000,418.8400
2022/09/16,425.8000,9.7500,-2.24,2138236,431.4700,434.0100,421.1100
2022/09/15,435.5500,21.9400,-4.80,1965107,444.9200,457.8050,434.2100
2022/09/14,457.4900,5.1100,+1.13,1031659,454.3700,460.5700,448.2100
2022/09/13,452.3800,23.9100,-5.02,1449824,450.0000,458.3800,449.4000
2022/09/12,476.2900,6.2600,+1.33,1174976,475.2000,482.6900,469.2600
2022/09/09,470.0300,19.2600,+4.27,1392073,458.0800,471.9200,457.5100
2022/09/08,450.7700,6.6100,+1.49,1211358,439.0400,453.2500,438.0800
2022/09/07,444.1600,13.6900,+3.18,881810,430.9900,446.3900,430.2000
2022/09/06,430.4700,4.0400,-0.93,959753,430.1100,437.7550,424.3500
2022/09/02,434.5100,3.9500,+0.92,1557781,438.3700,447.4900,431.2800
2022/09/01,430.5600,4.0600,-0.93,1579490,429.8100,431.7000,416.6800
2022/08/31,434.6200,2.2200,-0.51,1396033,440.0000,446.0000,433.8400
2022/08/30,436.8400,1.0600,+0.24,960684,442.5000,444.0750,429.5058
2022/08/29,435.7800,8.9100,-2.00,859966,440.0000,447.5844,435.5100
2022/08/26,444.6900,21.3400,-4.58,897958,467.2900,467.5000,444.6700
2022/08/25,466.0300,8.5100,+1.86,1056704,456.4000,466.3300,453.3000
2022/08/24,457.5200,2.4700,-0.54,835272,460.2900,463.4199,455.1600
2022/08/23,459.9900,0.2800,+0.06,790240,459.9900,464.0700,456.3800
2022/08/22,459.7100,16.5500,-3.47,1019378,466.5700,469.2400,455.7700
2022/08/19,476.2600,13.3400,-2.72,981608,484.1700,484.6900,473.3200
2022/08/18,489.6000,0.8400,+0.17,981681,486.3600,490.4600,480.2200
2022/08/17,488.7600,7.9800,-1.61,875368,489.0000,493.6600,485.4820
2022/08/16,496.7400,7.3300,-1.45,1432545,499.0000,500.4000,491.5500
2022/08/15,504.0700,2.4400,-0.48,992996,502.0000,510.9950,498.5600
2022/08/12,506.5100,7.0600,+1.41,1662233,504.4400,508.0000,492.9900
2022/08/11,499.4500,16.7500,-3.24,1481819,520.0000,521.5750,497.4200
2022/08/10,516.2000,28.7400,+5.90,1831933,501.9600,516.6200,500.9800
2022/08/09,487.4600,7.4900,-1.51,983444,492.2800,497.7657,483.4850
2022/08/08,494.9500,0.1000,+0.02,1636973,495.1000,503.4800,491.9850
2022/08/05,494.8500,1.8500,+0.38,2977871,478.0800,503.2673,475.2600
2022/08/04,493.0000,21.5500,+4.57,3326471,467.7900,495.4800,463.6300
2022/08/03,471.4500,17.0100,+3.74,1400662,460.7500,472.9100,457.1550
2022/08/02,454.4400,0.6700,+0.15,1113038,444.6600,461.0700,442.2468
2022/08/01,453.7700,7.1100,+1.59,1729602,438.9900,455.5700,435.7000
2022/07/29,446.6600,10.1600,+2.33,2019631,429.2300,448.7700,426.4300
2022/07/28,436.5000,12.1000,-2.70,3914218,431.2300,446.3100,423.6900
2022/07/27,448.6000,25.7800,+6.10,2255191,432.0500,450.1300,428.6300
2022/07/26,422.8200,17.1800,-3.90,1834545,443.6000,443.6000,417.7800
2022/07/25,440.0000,6.7700,-1.52,1031265,445.4300,445.6900,436.6550
2022/07/22,446.7700,13.5200,-2.94,1251314,460.6100,465.8807,443.8400
2022/07/21,460.2900,3.4400,+0.75,2047912,449.4000,460.8300,440.0100
2022/07/20,456.8500,20.9100,+4.80,1463591,442.9000,458.2850,440.9900
2022/07/19,435.9400,9.2000,+2.16,1422754,432.2200,436.9050,420.2600
2022/07/18,426.7400,8.8800,-2.04,1811380,437.5900,442.4800,426.0100
2022/07/15,435.6200,14.6500,+3.48,2157563,431.3460,440.7599,427.5900
2022/07/14,420.9700,1.8000,-0.43,2165384,416.5000,430.4300,407.5000
2022/07/13,422.7700,5.1700,-1.21,3186392,416.0100,434.7100,411.6601
2022/07/12,427.9400,62.4600,-12.74,6864274,461.2500,466.7250,424.7900
2022/07/11,490.4000,3.7500,-0.76,961511,488.9700,495.5400,480.6000
2022/07/08,494.1500,2.9000,-0.58,1486168,489.2800,499.4150,485.8300
2022/07/07,497.0500,3.7400,+0.76,1251913,490.1700,501.9100,490.1700
2022/07/06,493.3100,2.6200,-0.53,1053491,500.3700,506.4500,487.9000
2022/07/05,495.9300,11.5700,+2.39,1464589,480.2100,497.5000,474.0100
2022/07/01,484.3600,8.8400,+1.86,1505791,474.9300,485.4500,469.0900
2022/06/30,475.5200,2.2700,-0.48,1774103,472.7400,479.9200,459.6400
2022/06/29,477.7900,4.3500,+0.92,978538,473.6100,483.4600,467.5000
2022/06/28,473.4400,23.2600,-4.68,1254946,496.7000,500.2600,471.0200
2022/06/27,496.7000,7.3900,-1.47,1127257,506.3700,509.7000,489.2300
2022/06/24,504.0900,18.5600,+3.82,1700408,495.1600,506.3806,493.9900
2022/06/23,485.5300,26.8800,+5.86,1439370,466.2900,486.7500,466.2900
2022/06/22,458.6500,3.3800,+0.74,984056,450.2100,466.1000,448.3300
2022/06/21,455.2700,11.4800,+2.59,1136334,449.8600,461.5400,449.8500
2022/06/17,443.7900,15.7100,+3.67,2362357,430.1300,451.0500,429.0300
2022/06/16,428.0800,37.8700,-8.13,3031024,447.6900,455.6200,424.1700
2022/06/15,465.9500,21.2000,+4.77,1950860,449.5200,475.4550,449.0700
2022/06/14,444.7500,4.3800,+0.99,1078834,441.9000,451.5200,437.8700
2022/06/13,440.3700,32.7800,-6.93,1493445,450.0000,458.8500,439.0000
2022/06/10,473.1500,19.0700,-3.87,1243716,482.7300,487.9000,468.8000
2022/06/09,492.2200,13.2000,-2.61,953633,500.6300,507.7800,491.9400
2022/06/08,505.4200,1.0100,-0.20,1115605,501.9200,509.3600,500.5250
2022/06/07,506.4300,13.8900,+2.82,1296954,487.7000,510.4500,485.2000
2022/06/06,492.5400,0.0600,+0.01,944318,497.0200,501.0100,487.4000
2022/06/03,492.4800,12.3200,-2.44,1128950,495.8400,505.6600,484.7000
2022/06/02,504.8000,29.6700,+6.24,2004798,469.6600,510.7300,469.6600
2022/06/01,475.1300,7.6600,+1.64,1669890,491.0400,496.9800,470.7300
2022/05/31,467.4700,8.8200,-1.85,2411942,472.0500,476.3800,462.6500
2022/05/27,476.2900,21.4200,+4.71,1950368,463.1900,479.9698,462.8900
2022/05/26,454.8700,2.5800,+0.57,1789861,450.1400,460.7500,444.0000
2022/05/25,452.2900,32.6400,+7.78,3258390,423.4450,457.6000,421.8650
2022/05/24,419.6500,10.4700,-2.43,1732501,426.5000,430.1100,411.0400
2022/05/23,430.1200,2.9100,-0.67,1952675,430.9200,438.9300,424.3100
2022/05/20,433.0300,6.2700,+1.47,1725536,437.6700,446.6750,419.8650
2022/05/19,426.7600,14.5100,+3.52,2044653,414.4800,435.7200,410.3200
2022/05/18,412.2500,20.6000,-4.76,1778719,428.5000,434.6200,408.2150
2022/05/17,432.8500,0.0800,-0.02,2137645,445.9200,451.4800,417.0550
2022/05/16,432.9300,19.7200,-4.36,1662914,446.2500,451.7900,430.7800
2022/05/13,452.6500,19.7100,+4.55,2093565,437.7400,459.6900,436.3400
2022/05/12,432.9400,12.5800,+2.99,2701939,418.5900,443.1050,406.4700
2022/05/11,420.3600,11.9600,-2.77,1894686,426.1700,447.9799,418.7075
2022/05/10,432.3200,6.4500,+1.51,1895744,441.0000,444.4084,416.5600
2022/05/09,425.8700,30.8700,-6.76,2847874,443.0000,450.3100,422.6100
2022/05/06,456.7400,12.5900,-2.68,1965453,462.5600,468.4700,438.1200
2022/05/05,469.3300,30.1300,-6.03,1917855,494.8900,495.4825,461.9800
2022/05/04,499.4600,17.6000,+3.65,1849484,485.2400,501.1100,460.0900
2022/05/03,481.8600,2.6400,-0.54,1304904,481.9800,488.3900,469.6200
2022/05/02,484.5000,6.4000,+1.34,1411165,474.6900,485.3100,469.0150
2022/04/29,478.1000,25.9200,-5.14,1455412,489.1800,508.9900,477.0800
2022/04/28,504.0200,37.7300,+8.09,3764068,508.0000,514.0000,484.7600
2022/04/27,466.2900,10.2900,+2.26,2680149,462.7400,474.4100,459.4250
2022/04/26,456.0000,16.2700,-3.45,1894199,471.9200,472.1600,453.9200
2022/04/25,472.2700,0.8700,+0.18,1815136,464.7500,477.3750,464.2600
2022/04/22,471.4000,20.2700,-4.12,1761049,493.4500,497.7300,469.1000
2022/04/21,491.6700,13.5500,-2.68,1414316,511.5500,521.6900,488.8400
2022/04/20,505.2200,9.1800,-1.78,1189508,520.3600,522.1000,502.9817
2022/04/19,514.4000,16.8700,+3.39,1509477,498.7800,520.7200,492.0700
2022/04/18,497.5300,9.8000,-1.93,1309909,506.6700,506.6700,493.4000
2022/04/14,507.3300,18.7400,-3.56,1209007,524.9000,525.9100,506.7200
2022/04/13,526.0700,15.8600,+3.11,1389326,514.0700,529.6150,510.8100
2022/04/12,510.2100,1.2100,-0.24,1724472,522.5900,534.1300,508.9500
2022/04/11,511.4200,4.1800,-0.81,1422795,507.8700,519.7697,499.5700
2022/04/08,515.6000,14.1800,-2.68,1240991,525.0000,529.3800,514.2200
2022/04/07,529.7800,1.8300,+0.35,1155486,525.6300,541.9000,519.9400
2022/04/06,527.9500,25.2700,-4.57,1625003,542.8200,542.8200,519.6800
2022/04/05,553.2200,21.6000,-3.76,1155680,570.0000,571.4800,550.7900
2022/04/04,574.8200,26.1300,+4.76,1532852,548.0000,575.8100,546.5200
2022/04/01,548.6900,8.2000,-1.47,1931797,556.1000,561.5200,544.0300
2022/03/31,556.8900,17.1000,-2.98,2039417,573.9900,576.9900,556.3900
2022/03/30,573.9900,23.7600,-3.97,1514787,590.1200,591.0500,570.7200
2022/03/29,597.7500,14.9900,+2.57,1317986,590.2200,601.6200,577.6400
2022/03/28,582.7600,20.8900,+3.72,1306285,567.3300,583.8750,561.9801
2022/03/25,561.8700,19.2200,-3.31,1357179,581.0400,583.6050,556.8000
2022/03/24,581.0900,13.1300,+2.31,985462,570.0000,582.7300,562.3100
2022/03/23,567.9600,20.7000,-3.52,1112945,573.6400,579.8300,562.4701
2022/03/22,588.6600,18.8600,+3.31,1350976,570.7100,597.7400,570.1000
2022/03/21,569.8000,10.0800,-1.74,1416280,575.0000,580.6100,555.3700
2022/03/18,579.8800,13.2000,+2.33,2308495,577.6000,583.8550,566.7500
2022/03/17,566.6800,19.2800,+3.52,1284833,540.3800,567.9700,540.3800
2022/03/16,547.4000,33.1800,+6.45,1825405,528.5100,548.7600,517.3900
2022/03/15,514.2200,19.1200,+3.86,1331697,500.1800,517.5950,491.3100
2022/03/14,495.1000,17.0500,-3.33,1637639,514.9600,526.3200,492.0500
2022/03/11,512.1500,21.4400,-4.02,1228906,542.6400,544.5500,511.3600
2022/03/10,533.5900,25.9900,-4.64,1764264,548.5800,551.9200,530.9225
2022/03/09,559.5800,41.3800,+7.99,1647707,536.4600,565.7800,533.1110
2022/03/08,518.2000,1.4200,-0.27,1479497,510.0000,535.9000,504.4550
2022/03/07,519.6200,27.4500,-5.02,2145621,553.3700,563.1000,518.6800
2022/03/04,547.0700,15.2400,-2.71,1387427,555.4900,569.1000,542.4100
2022/03/03,562.3100,24.7500,-4.22,1468550,592.0200,593.3300,556.7000
2022/03/02,587.0600,15.9900,+2.80,1090205,578.3200,590.7600,560.0200
2022/03/01,571.0700,8.8500,-1.53,1588538,583.8200,599.5800,566.7900
2022/02/28,579.9200,0.3100,-0.05,1496138,578.2000,585.5400,570.9200
2022/02/25,580.2300,6.2800,+1.09,1053892,568.9600,580.3000,564.0500
2022/02/24,573.9500,49.2500,+9.39,2367641,508.2500,575.9700,502.4578
2022/02/23,524.7000,25.4500,-4.63,1863900,550.1500,553.4200,522.6600
2022/02/22,550.1500,5.8600,-1.05,1161987,544.0700,561.9500,539.3964
2022/02/18,556.0100,9.7400,-1.72,1276726,565.9600,569.0000,551.5150
2022/02/17,565.7500,25.1400,-4.25,1069293,584.0800,587.1600,564.5900
2022/02/16,590.8900,0.7700,-0.13,1100377,585.8400,593.0300,576.4800
2022/02/15,591.6600,12.0800,+2.08,986973,587.8100,593.8754,581.2200
2022/02/14,579.5800,4.1400,-0.71,1240003,578.8700,589.3300,574.1807
2022/02/11,583.7200,26.7400,-4.38,2139995,603.4500,610.0000,577.6200
2022/02/10,610.4600,3.5100,-0.57,1981306,600.4700,621.4100,599.9600
2022/02/09,613.9700,22.7000,+3.84,1665573,598.8500,614.3300,598.0000
2022/02/08,591.2700,18.0700,+3.15,1396634,564.2000,592.0000,563.9700
2022/02/07,573.2000,4.3200,-0.75,988490,577.9900,588.4391,570.4700
2022/02/04,577.5200,16.6700,+2.97,1250581,559.9900,587.3700,554.7800
2022/02/03,560.8500,20.3000,-3.49,1355765,568.2100,582.0399,559.3000
2022/02/02,581.1500,5.3900,-0.92,1313176,594.8500,594.8500,573.0800
2022/02/01,586.5400,0.7600,+0.13,1841720,584.9000,590.7100,576.9600
2022/01/31,585.7800,24.7000,+4.40,2654068,567.2700,588.4000,564.9600
2022/01/28,561.0800,32.3900,+6.13,3807844,528.6900,563.4979,507.8000
2022/01/27,528.6900,44.2700,+9.14,5507900,553.5250,556.9900,518.1350
2022/01/26,484.4200,10.6600,-2.15,3475287,514.2800,520.9900,479.3500
2022/01/25,495.0800,30.7600,-5.85,2878747,515.4500,517.6000,484.4400
2022/01/24,525.8400,18.1000,+3.56,3420782,500.2900,527.6200,484.4326
2022/01/21,507.7400,7.2600,-1.41,2605561,510.0000,528.8800,507.1300
2022/01/20,515.0000,6.2900,-1.21,1885627,532.2100,542.8000,513.7200
2022/01/19,521.2900,1.0500,-0.20,2570512,525.4200,543.7299,520.6350
2022/01/18,522.3400,8.6800,-1.63,2386714,524.7000,544.4600,517.5900
2022/01/14,531.0200,9.7600,+1.87,3237681,521.2600,538.5400,514.6600
2022/01/13,521.2600,52.1300,-9.09,3904866,575.0200,575.8400,520.0000
2022/01/12,573.3900,5.0500,-0.87,1717397,587.3200,591.5200,569.6200
2022/01/11,578.4400,6.4400,+1.13,1339971,569.8800,580.2400,561.7500
2022/01/10,572.0000,5.6100,+0.99,1967588,550.1000,573.1000,535.8100
2022/01/07,566.3900,7.6500,-1.33,1190492,570.6900,585.5800,558.3300
2022/01/06,574.0400,1.2800,+0.22,1674549,567.4000,589.4500,555.0000
2022/01/05,572.7600,31.1800,-5.16,2096051,589.0000,607.5000,571.4800
2022/01/04,603.9400,26.2000,-4.16,2980554,628.3900,628.8150,576.9700
2022/01/03,630.1400,18.9700,-2.92,1044277,648.1600,651.4100,625.4169
2021/12/31,649.1100,5.4300,-0.83,464627,652.0200,658.5900,648.8650
2021/12/30,654.5400,0.0400,-0.01,491102,656.2000,663.1700,653.8400
2021/12/29,654.5800,0.5800,+0.09,441753,655.1800,658.8600,646.0200
2021/12/28,654.0000,9.2800,-1.40,482349,667.6400,667.6400,653.0000
2021/12/27,663.2800,14.7100,+2.27,681109,655.9800,664.9450,651.9700
2021/12/23,648.5700,4.6400,+0.72,664722,645.9600,651.6900,641.0250
2021/12/22,643.9300,12.6100,+2.00,1010707,631.4600,648.8900,625.6000
2021/12/21,631.3200,25.9500,+4.29,1129227,612.5000,635.3400,605.0000
2021/12/20,605.3700,10.2600,-1.67,996661,605.0000,614.0600,601.2201
2021/12/17,615.6300,6.6500,+1.09,3418685,596.7000,620.6500,587.0200
2021/12/16,608.9800,38.0600,-5.88,1588267,639.3900,643.8000,606.6900
2021/12/15,647.0400,22.3500,+3.58,1581464,626.6600,648.0700,624.5750
2021/12/14,624.6900,31.2500,-4.76,1659695,642.0900,646.8950,607.1900
2021/12/13,655.9400,8.9400,+1.38,999460,644.6500,661.1650,642.6700
2021/12/10,647.0000,4.8500,+0.76,850319,647.1900,658.1750,640.2001
2021/12/09,642.1500,23.6600,-3.55,1089204,666.0000,669.1108,641.2500
2021/12/08,665.8100,2.4200,+0.36,930254,660.0000,672.9700,651.0500
2021/12/07,663.3900,46.8500,+7.60,1849957,630.9900,668.1550,630.0000
2021/12/06,616.5400,3.4300,+0.56,1440418,601.5800,619.6600,594.0500
2021/12/03,613.1100,10.2600,-1.65,1854841,627.6900,628.7600,593.1600
2021/12/02,623.3700,23.8000,+3.97,1460152,599.5700,625.8000,598.6400
2021/12/01,599.5700,48.1300,-7.43,2318878,650.3600,657.9600,599.3400
2021/11/30,647.7000,25.1200,-3.73,2146429,674.6300,679.6200,642.6450
2021/11/29,672.8200,23.2700,+3.58,1081651,659.6300,676.5000,651.1100
2021/11/26,649.5500,0.2400,+0.04,729456,644.5150,661.0677,644.5150
2021/11/24,649.3100,12.4000,+1.95,837085,629.9600,649.4200,624.1400
2021/11/23,636.9100,19.4700,-2.97,1844702,650.0000,654.4300,627.4100
2021/11/22,656.3800,19.5900,-2.90,1194275,675.7100,683.9600,651.3600
2021/11/19,675.9700,0.1300,+0.02,1051395,680.3100,687.2550,674.1800
2021/11/18,675.8400,9.0900,-1.33,751903,682.4700,684.5600,674.1400
2021/11/17,684.9300,7.6200,-1.10,691704,694.3300,695.6100,683.9000
2021/11/16,692.5500,9.9800,+1.46,926651,684.9900,692.5600,682.1077
2021/11/15,682.5700,8.8300,-1.28,812089,689.4600,689.9000,678.7100
2021/11/12,691.4000,12.1500,+1.79,991938,685.0000,691.7400,681.4350
2021/11/11,679.2500,8.3400,+1.24,1015246,679.6900,681.3400,673.8900
2021/11/10,670.9100,20.3600,-2.95,1279753,686.7900,687.9300,663.8200
2021/11/09,691.2700,1.0100,-0.15,499804,695.3100,697.2750,685.6000
2021/11/08,692.2800,0.2700,+0.04,798179,693.7200,696.5899,689.1500
2021/11/05,692.0100,9.7200,-1.39,596133,702.0000,702.7400,686.8950
2021/11/04,701.7300,14.0600,+2.04,833462,690.0000,707.6000,689.1400
2021/11/03,687.6700,1.0800,+0.16,662525,689.1000,689.1000,672.2200
2021/11/02,686.5900,4.6100,+0.68,682582,685.9900,687.5000,680.5000
2021/11/01,681.9800,15.7800,-2.26,1163611,700.0000,704.8200,676.6600
2021/10/29,697.7600,10.0600,+1.46,1107088,686.3500,698.4300,682.1500
2021/10/28,687.7000,22.9400,+3.45,2113600,671.5100,694.0000,671.3000
2021/10/27,664.7600,11.9500,-1.77,1500548,675.7000,684.8300,663.6100
2021/10/26,676.7100,12.1400,-1.76,1108468,692.6900,693.0000,675.5500
2021/10/25,688.8500,2.2000,+0.32,586155,686.6500,693.4700,684.5000
2021/10/22,686.6500,0.3100,+0.05,928553,686.0000,692.9700,683.4200
2021/10/21,686.3400,5.2300,+0.77,649648,680.0000,687.2936,676.8700
2021/10/20,681.1100,0.8600,+0.13,872444,684.2300,686.7300,671.1801
2021/10/19,680.2500,14.0300,+2.11,1472708,672.4000,687.6876,672.2900
2021/10/18,666.2200,3.0400,+0.46,1134659,663.5000,666.3000,657.3300
2021/10/15,663.1800,10.1500,+1.55,919293,656.8600,665.6100,654.9000
2021/10/14,653.0300,13.6200,+2.13,1326200,650.0000,662.7632,648.5950
2021/10/13,639.4100,10.2800,+1.63,1110913,630.0000,641.0750,630.0000
2021/10/12,629.1300,13.2800,+2.16,796209,622.3600,633.0000,620.2400
2021/10/11,615.8500,1.7300,-0.28,915078,618.0200,627.3100,612.1400
2021/10/08,617.5800,20.3400,-3.19,1715776,640.0000,643.6600,616.9200
2021/10/07,637.9200,8.5600,+1.36,1021742,636.4300,648.3600,635.4301
2021/10/06,629.3600,4.0600,-0.64,1038268,627.3400,635.7600,621.4000
2021/10/05,633.4200,15.4500,+2.50,1066290,622.4700,639.5400,622.0000
2021/10/04,617.9700,14.8300,-2.34,1173798,635.4000,638.0500,609.4700
2021/10/01,632.8000,10.5300,+1.69,1048938,623.7800,635.4100,614.3250
2021/09/30,622.2700,4.2500,+0.69,948585,620.2000,626.9900,618.2400
2021/09/29,618.0200,5.5000,+0.90,1228611,620.0000,623.8400,607.1800
2021/09/28,612.5200,37.0400,-5.70,1988786,633.6700,636.8400,610.0000
2021/09/27,649.5600,16.7500,-2.51,902490,659.8800,660.0000,646.2100
2021/09/24,666.3100,2.0900,+0.31,499785,662.1000,667.0000,655.0000
2021/09/23,664.2200,1.5700,+0.24,871500,668.0000,670.4900,663.0100
2021/09/22,662.6500,8.4500,+1.29,816308,658.0000,665.5000,650.6800
2021/09/21,654.2000,5.4700,+0.84,755242,650.0000,657.1800,645.6300
2021/09/20,648.7300,2.3000,-0.35,957779,644.3600,650.5800,640.1200
2021/09/17,651.0300,5.3200,-0.81,1298242,653.3900,657.4600,648.2600
2021/09/16,656.3500,4.2000,+0.64,622316,650.3000,657.1200,644.6800
2021/09/15,652.1500,6.7300,+1.04,803477,644.0900,654.1200,637.6700
2021/09/14,645.4200,6.3400,+0.99,749422,641.9900,648.5350,640.5900
2021/09/13,639.0800,8.9000,-1.37,1262255,649.0000,649.0800,630.6700
2021/09/10,647.9800,2.2100,-0.34,754323,653.1100,655.7600,646.7400
2021/09/09,650.1900,3.6100,-0.55,802363,655.7800,656.3700,649.0000
2021/09/08,653.8000,7.2900,-1.10,1112973,660.3100,660.3100,650.6300
2021/09/07,661.0900,17.5400,-2.58,1515942,678.6300,679.0000,660.2050
2021/09/03,678.6300,18.3200,+2.77,1145953,660.0000,681.0999,659.0500
2021/09/02,660.3100,9.4600,+1.45,1354289,654.0000,661.7800,652.3900
2021/09/01,650.8500,7.2100,+1.12,936812,643.6000,652.5600,642.5000
2021/08/31,643.6400,1.9900,+0.31,1246682,645.0000,647.7000,639.5600
2021/08/30,641.6500,9.2500,+1.46,797586,634.0000,643.2800,633.4850
2021/08/27,632.4000,8.3700,+1.34,821211,625.0000,635.6200,624.0450
2021/08/26,624.0300,2.9600,+0.48,1096318,622.6200,630.2300,621.1000
2021/08/25,621.0700,0.7800,-0.13,909747,623.0000,627.7700,616.6600
2021/08/24,621.8500,2.4200,+0.39,1016363,620.0000,626.5300,620.0000
2021/08/23,619.4300,18.9100,+3.15,1576583,602.0000,621.0000,602.0000
2021/08/20,600.5200,13.6000,+2.32,1003469,591.0500,601.4100,588.5700
2021/08/19,586.9200,4.9700,+0.85,768344,579.5000,591.3000,577.7500
2021/08/18,581.9500,0.2900,-0.05,741882,580.4700,588.6000,578.4800
2021/08/17,582.2400,2.0200,+0.35,709843,579.4500,584.1000,574.3800
2021/08/16,580.2200,7.6100,-1.29,815780,586.0000,591.6800,576.3200
2021/08/13,587.8300,6.2600,+1.08,638884,579.0400,587.9800,577.5350
2021/08/12,581.5700,11.3700,+1.99,866644,569.2700,581.9900,566.9900
2021/08/11,570.2000,5.6000,-0.97,908220,578.4400,581.1400,566.5900
2021/08/10,575.8000,12.1600,-2.07,829638,588.0000,589.4400,572.7800
2021/08/09,587.9600,2.7200,-0.46,800932,589.9500,592.3000,585.2965
2021/08/06,590.6800,4.8200,-0.81,709248,594.0000,595.6000,589.4300
2021/08/05,595.5000,2.0300,+0.34,476191,595.0000,597.0000,589.3800
2021/08/04,593.4700,8.8100,+1.51,769733,585.0000,594.6900,583.1724
2021/08/03,584.6600,0.0100,-0,804883,584.8900,590.8100,577.3400
2021/08/02,584.6700,3.2200,-0.55,901287,587.8900,591.7150,579.0100
2021/07/30,587.8900,1.4600,+0.25,1566223,579.7100,595.8900,575.9370
2021/07/29,586.4300,3.0800,+0.53,2539614,584.6000,608.7800,584.6000
2021/07/28,583.3500,1.0600,+0.18,1229170,582.0000,587.0027,576.0100
2021/07/27,582.2900,1.9100,-0.33,1462372,584.0000,586.8700,574.6700
2021/07/26,584.2000,1.9800,-0.34,1044150,584.8000,584.8500,575.0100
2021/07/23,586.1800,9.4800,+1.64,890909,580.0000,588.4800,577.8200
2021/07/22,576.7000,9.5700,+1.69,938684,572.0800,579.4000,570.4500
2021/07/21,567.1300,1.8800,+0.33,754354,562.4900,567.1300,558.5400
2021/07/20,565.2500,10.1600,+1.83,870645,560.0000,569.1600,554.6100
2021/07/19,555.0900,1.2700,-0.23,1108368,551.7400,555.3900,545.0000
2021/07/16,556.3600,1.9200,-0.34,941000,561.5200,564.6250,554.9600
2021/07/15,558.2800,4.6600,-0.83,823599,563.3800,566.7200,554.5500
2021/07/14,562.9400,3.6100,+0.65,1133811,563.9600,567.3000,558.7800
2021/07/13,559.3300,2.6000,-0.46,868393,561.0000,566.3500,555.0000
2021/07/12,561.9300,4.4400,-0.78,1279205,570.0000,573.6699,561.2500
2021/07/09,566.3700,5.9000,+1.05,976625,559.7200,567.3300,555.8700
2021/07/08,560.4700,1.3100,-0.23,942234,552.7500,562.2899,546.9500
2021/07/07,561.7800,3.2900,+0.59,1093683,560.9000,563.2600,553.0700
2021/07/06,558.4900,6.6600,+1.21,794988,554.2900,563.7900,552.1901
2021/07/02,551.8300,6.6600,+1.22,681208,548.2500,554.7400,547.2033
2021/07/01,545.1700,4.3800,-0.80,1165808,545.0000,550.1300,539.7450
2021/06/30,549.5500,9.0400,-1.62,842319,556.8900,557.9600,547.6100
2021/06/29,558.5900,6.4200,+1.16,1048830,555.2400,561.8900,552.5300
2021/06/28,552.1700,7.1800,+1.32,815450,548.0000,552.7100,546.7500
